Date,Open,High,Low,Close,Moving Average 200,Moving Average 50,Exp Moving Average 10,Exp Moving Average 20
8/18/2020 11:40,115.00,115.01,114.86,114.91,114.52,114.83,114.94,114.86
8/18/2020 11:45,114.91,114.97,114.82,114.90,114.52,114.84,114.93,114.86
8/18/2020 11:50,114.90,114.94,114.80,114.92,114.52,114.84,114.93,114.87
8/18/2020 11:55,114.92,115.10,114.90,115.09,114.53,114.84,114.96,114.89
8/18/2020 12:00,115.09,115.18,115.02,115.13,114.53,114.84,114.99,114.91
8/18/2020 12:05,115.13,115.29,115.10,115.27,114.53,114.85,115.04,114.94
8/18/2020 12:10,115.26,115.42,115.26,115.34,114.54,114.85,115.09,114.98
8/18/2020 12:15,115.34,115.47,115.34,115.41,114.54,114.86,115.15,115.02
8/18/2020 12:20,115.41,115.43,115.25,115.35,114.54,114.86,115.19,115.05
8/18/2020 12:25,115.35,115.39,115.28,115.30,114.55,114.87,115.21,115.08
8/18/2020 12:30,115.30,115.37,115.28,115.31,114.55,114.88,115.23,115.10
8/18/2020 12:35,115.31,115.47,115.30,115.35,114.55,114.89,115.25,115.12
8/18/2020 12:40,115.35,115.46,115.34,115.43,114.55,114.89,115.28,115.15
8/18/2020 12:45,115.43,115.65,115.40,115.63,114.56,114.91,115.35,115.20
8/18/2020 12:50,115.64,115.71,115.49,115.58,114.56,114.92,115.39,115.24
8/18/2020 12:55,115.59,115.62,115.41,115.47,114.56,114.94,115.40,115.26
8/18/2020 13:00,115.47,115.47,115.30,115.38,114.56,114.95,115.40,115.27
8/18/2020 13:05,115.38,115.38,115.21,115.24,114.56,114.96,115.37,115.27
8/18/2020 13:10,115.24,115.38,115.22,115.36,114.56,114.97,115.37,115.28
8/18/2020 13:15,115.37,115.44,115.31,115.40,114.57,114.98,115.37,115.29
8/18/2020 13:20,115.40,115.47,115.40,115.44,114.57,114.99,115.39,115.30
8/18/2020 13:25,115.44,115.54,115.33,115.36,114.58,114.99,115.38,115.31
8/18/2020 13:30,115.36,115.63,115.36,115.58,114.59,115.00,115.42,115.33
8/18/2020 13:35,115.59,115.68,115.58,115.61,114.60,115.02,115.45,115.36
8/18/2020 13:40,115.61,115.68,115.56,115.66,114.61,115.04,115.49,115.39
8/18/2020 13:45,115.66,115.86,115.64,115.86,114.62,115.07,115.56,115.43
8/18/2020 13:50,115.86,115.88,115.70,115.81,114.63,115.07,115.60,115.47
8/18/2020 13:55,115.81,115.81,115.68,115.77,114.64,115.09,115.63,115.50
8/18/2020 14:00,115.77,115.78,115.61,115.65,114.65,115.10,115.64,115.51
8/18/2020 14:05,115.65,115.71,115.55,115.65,114.66,115.13,115.64,115.52
8/18/2020 14:10,115.65,115.84,115.63,115.82,114.67,115.15,115.67,115.55
8/18/2020 14:15,115.82,115.83,115.70,115.73,114.68,115.17,115.68,115.57
8/18/2020 14:20,115.74,115.92,115.74,115.90,114.69,115.21,115.72,115.60
8/18/2020 14:25,115.90,116.00,115.85,115.99,114.70,115.24,115.77,115.64
8/18/2020 14:30,115.99,116.00,115.87,115.92,114.72,115.27,115.80,115.66
8/18/2020 14:35,115.92,115.97,115.80,115.82,114.73,115.30,115.80,115.68
8/18/2020 14:40,115.82,115.87,115.74,115.76,114.74,115.33,115.79,115.69
8/18/2020 14:45,115.76,115.81,115.70,115.78,114.75,115.36,115.79,115.69
8/18/2020 14:50,115.78,115.78,115.60,115.69,114.76,115.38,115.77,115.69
8/18/2020 14:55,115.69,115.83,115.69,115.72,114.78,115.40,115.76,115.70
8/18/2020 15:00,115.71,115.79,115.64,115.69,114.79,115.42,115.75,115.70
8/18/2020 15:05,115.69,115.70,115.40,115.48,114.80,115.43,115.70,115.67
8/18/2020 15:10,115.48,115.62,115.45,115.55,114.81,115.44,115.67,115.66
8/18/2020 15:15,115.56,115.66,115.50,115.65,114.82,115.46,115.67,115.66
8/18/2020 15:20,115.65,115.71,115.51,115.59,114.83,115.47,115.65,115.66
8/18/2020 15:25,115.59,115.67,115.53,115.56,114.83,115.48,115.64,115.65
8/18/2020 15:30,115.56,115.59,115.49,115.57,114.84,115.49,115.62,115.64
8/18/2020 15:35,115.57,115.71,115.54,115.66,114.85,115.50,115.63,115.64
8/18/2020 15:40,115.66,115.67,115.48,115.53,114.86,115.51,115.61,115.63
8/18/2020 15:45,115.53,115.70,115.50,115.69,114.87,115.52,115.63,115.64
8/18/2020 15:50,115.69,115.71,115.59,115.62,114.88,115.54,115.62,115.63
8/18/2020 15:55,115.62,115.64,115.44,115.52,114.88,115.55,115.61,115.62
8/18/2020 16:00,115.52,115.62,115.50,115.52,114.89,115.56,115.59,115.61
8/19/2020 9:35,115.99,116.27,115.62,116.18,114.90,115.58,115.70,115.67
8/19/2020 9:40,116.18,116.59,116.15,116.42,114.91,115.61,115.83,115.74
8/19/2020 9:45,116.40,116.40,115.98,116.12,114.92,115.63,115.88,115.78
8/19/2020 9:50,116.12,116.29,115.80,116.08,114.92,115.64,115.92,115.80
8/19/2020 9:55,116.08,116.21,115.97,116.06,114.93,115.66,115.94,115.83
8/19/2020 10:00,116.06,116.42,115.96,116.16,114.94,115.67,115.98,115.86
8/19/2020 10:05,116.16,116.46,116.16,116.36,114.95,115.69,116.05,115.91
8/19/2020 10:10,116.36,116.69,116.34,116.57,114.96,115.72,116.15,115.97
8/19/2020 10:15,116.57,116.80,116.53,116.71,114.97,115.75,116.25,116.04
8/19/2020 10:20,116.71,116.72,116.48,116.63,114.98,115.77,116.32,116.10
8/19/2020 10:25,116.64,116.64,116.45,116.62,114.99,115.79,116.37,116.15
8/19/2020 10:30,116.62,116.73,116.51,116.72,115.00,115.81,116.44,116.20
8/19/2020 10:35,116.72,116.88,116.67,116.72,115.01,115.84,116.49,116.25
8/19/2020 10:40,116.72,116.92,116.72,116.86,115.02,115.87,116.56,116.31
8/19/2020 10:45,116.86,116.93,116.70,116.73,115.03,115.90,116.59,116.35
8/19/2020 10:50,116.73,116.96,116.60,116.90,115.04,115.93,116.64,116.40
8/19/2020 10:55,116.90,117.02,116.78,116.85,115.05,115.96,116.68,116.44
8/19/2020 11:00,116.85,117.02,116.75,116.98,115.06,115.99,116.74,116.50
8/19/2020 11:05,116.98,117.16,116.95,117.04,115.07,116.02,116.79,116.55
8/19/2020 11:10,117.04,117.11,116.95,117.04,115.09,116.05,116.84,116.59
8/19/2020 11:15,117.04,117.07,116.68,116.68,115.10,116.07,116.81,116.60
8/19/2020 11:20,116.68,116.97,116.64,116.81,115.11,116.09,116.81,116.62
8/19/2020 11:25,116.81,116.89,116.69,116.74,115.12,116.11,116.79,116.63
8/19/2020 11:30,116.74,116.90,116.65,116.88,115.13,116.13,116.81,116.66
8/19/2020 11:35,116.90,116.98,116.85,116.94,115.15,116.16,116.83,116.68
8/19/2020 11:40,116.94,116.98,116.80,116.88,115.16,116.18,116.84,116.70
8/19/2020 11:45,116.88,116.90,116.78,116.80,115.17,116.20,116.83,116.71
8/19/2020 11:50,116.80,116.84,116.69,116.72,115.18,116.22,116.81,116.71
8/19/2020 11:55,116.72,116.81,116.65,116.80,115.19,116.24,116.81,116.72
8/19/2020 12:00,116.80,117.02,116.80,117.01,115.21,116.27,116.85,116.75
8/19/2020 12:05,117.01,117.11,116.94,117.07,115.22,116.29,116.89,116.78
8/19/2020 12:10,117.07,117.10,116.88,116.89,115.23,116.31,116.89,116.79
8/19/2020 12:15,116.89,116.99,116.86,116.98,115.25,116.33,116.90,116.81
8/19/2020 12:20,116.98,116.98,116.80,116.86,115.26,116.35,116.89,116.81
8/19/2020 12:25,116.86,116.91,116.82,116.83,115.27,116.37,116.88,116.81
8/19/2020 12:30,116.83,116.83,116.71,116.79,115.29,116.39,116.87,116.81
8/19/2020 12:35,116.79,116.80,116.67,116.76,115.30,116.42,116.85,116.81
8/19/2020 12:40,116.76,116.84,116.74,116.79,115.31,116.44,116.84,116.80
8/19/2020 12:45,116.79,116.84,116.76,116.78,115.33,116.46,116.83,116.80
8/19/2020 12:50,116.78,116.84,116.68,116.82,115.34,116.49,116.83,116.80
8/19/2020 12:55,116.82,116.96,116.82,116.89,115.35,116.51,116.84,116.81
8/19/2020 13:00,116.89,116.99,116.84,116.97,115.36,116.54,116.86,116.83
8/19/2020 13:05,116.97,117.03,116.94,116.99,115.37,116.57,116.88,116.84
8/19/2020 13:10,116.99,117.02,116.89,116.91,115.38,116.60,116.89,116.85
8/19/2020 13:15,116.91,117.00,116.89,116.94,115.39,116.62,116.90,116.86
8/19/2020 13:20,116.94,116.99,116.86,116.93,115.40,116.65,116.90,116.86
8/19/2020 13:25,116.93,116.98,116.88,116.93,115.41,116.68,116.91,116.87
8/19/2020 13:30,116.93,116.93,116.82,116.82,115.41,116.70,116.89,116.87
8/19/2020 13:35,116.82,116.96,116.81,116.87,115.42,116.73,116.89,116.87
8/19/2020 13:40,116.87,116.89,116.72,116.83,115.43,116.75,116.88,116.86
8/19/2020 13:45,116.83,116.83,116.68,116.73,115.43,116.76,116.85,116.85
8/19/2020 13:50,116.73,116.75,116.63,116.73,115.44,116.77,116.83,116.84
8/19/2020 13:55,116.74,116.74,116.62,116.64,115.45,116.78,116.79,116.82
8/19/2020 14:00,116.64,116.80,116.61,116.78,115.46,116.79,116.79,116.81
8/19/2020 14:05,116.78,116.83,116.62,116.68,115.47,116.81,116.77,116.80
8/19/2020 14:10,116.68,116.70,116.41,116.61,115.48,116.82,116.74,116.78
8/19/2020 14:15,116.61,116.62,116.36,116.36,115.49,116.82,116.67,116.74
8/19/2020 14:20,116.36,116.49,116.08,116.09,115.50,116.81,116.57,116.68
8/19/2020 14:25,116.08,116.19,115.61,116.05,115.51,116.79,116.47,116.62
8/19/2020 14:30,116.05,116.25,115.83,116.03,115.51,116.78,116.39,116.56
8/19/2020 14:35,116.03,116.30,115.95,116.22,115.52,116.77,116.36,116.53
8/19/2020 14:40,116.22,116.34,116.12,116.21,115.53,116.76,116.33,116.50
8/19/2020 14:45,116.21,116.33,116.18,116.25,115.54,116.75,116.32,116.48
8/19/2020 14:50,116.25,116.45,116.22,116.41,115.55,116.74,116.33,116.47
8/19/2020 14:55,116.41,116.54,116.33,116.41,115.55,116.74,116.35,116.46
8/19/2020 15:00,116.41,116.52,116.35,116.37,115.56,116.73,116.35,116.46
8/19/2020 15:05,116.37,116.39,116.23,116.34,115.57,116.72,116.35,116.44
8/19/2020 15:10,116.34,116.44,116.29,116.37,115.58,116.70,116.35,116.44
8/19/2020 15:15,116.37,116.46,116.24,116.30,115.59,116.69,116.34,116.42
8/19/2020 15:20,116.29,116.35,116.21,116.24,115.60,116.67,116.32,116.41
8/19/2020 15:25,116.24,116.36,116.15,116.19,115.61,116.66,116.30,116.39
8/19/2020 15:30,116.19,116.35,116.08,116.20,115.62,116.65,116.28,116.37
8/19/2020 15:35,116.19,116.26,116.10,116.15,115.63,116.64,116.26,116.35
8/19/2020 15:40,116.15,116.21,116.00,116.03,115.64,116.62,116.21,116.32
8/19/2020 15:45,116.03,116.16,115.93,116.14,115.65,116.61,116.20,116.30
8/19/2020 15:50,116.14,116.14,115.89,115.92,115.66,116.59,116.15,116.26
8/19/2020 15:55,115.92,115.93,115.70,115.70,115.66,116.57,116.07,116.21
8/19/2020 16:00,115.70,115.87,115.61,115.71,115.67,116.55,116.00,116.16
8/20/2020 9:35,115.75,116.44,115.73,116.43,115.68,116.54,116.08,116.19
8/20/2020 9:40,116.43,116.62,116.31,116.35,115.69,116.52,116.13,116.20
8/20/2020 9:45,116.35,116.75,116.32,116.72,115.70,116.52,116.24,116.25
8/20/2020 9:50,116.72,117.02,116.68,116.77,115.71,116.52,116.33,116.30
8/20/2020 9:55,116.77,117.10,116.71,117.06,115.73,116.52,116.46,116.37
8/20/2020 10:00,117.06,117.42,117.05,117.26,115.74,116.52,116.61,116.46
8/20/2020 10:05,117.26,117.45,117.10,117.18,115.75,116.53,116.71,116.53
8/20/2020 10:10,117.18,117.44,117.11,117.16,115.77,116.54,116.79,116.59
8/20/2020 10:15,117.17,117.24,116.90,116.99,115.78,116.54,116.83,116.63
8/20/2020 10:20,116.99,117.16,116.97,116.99,115.79,116.55,116.86,116.66
8/20/2020 10:25,116.99,117.06,116.82,116.90,115.80,116.55,116.87,116.68
8/20/2020 10:30,116.90,117.06,116.87,117.03,115.81,116.55,116.90,116.72
8/20/2020 10:35,117.03,117.05,116.80,116.88,115.82,116.55,116.89,116.73
8/20/2020 10:40,116.88,116.99,116.80,116.92,115.83,116.55,116.90,116.75
8/20/2020 10:45,116.92,117.17,116.89,117.17,115.85,116.56,116.95,116.79
8/20/2020 10:50,117.17,117.36,117.07,117.35,115.86,116.57,117.02,116.84
8/20/2020 10:55,117.35,117.44,117.30,117.35,115.88,116.57,117.08,116.89
8/20/2020 11:00,117.34,117.41,117.13,117.17,115.89,116.58,117.09,116.92
8/20/2020 11:05,117.17,117.24,117.12,117.18,115.90,116.58,117.11,116.94
8/20/2020 11:10,117.18,117.24,117.05,117.08,115.92,116.59,117.11,116.96
8/20/2020 11:15,117.08,117.13,116.92,116.96,115.93,116.59,117.08,116.96
8/20/2020 11:20,116.96,117.05,116.86,116.97,115.94,116.59,117.06,116.96
8/20/2020 11:25,116.97,117.10,116.92,117.05,115.95,116.60,117.06,116.97
8/20/2020 11:30,117.05,117.21,117.05,117.20,115.96,116.61,117.08,116.99
8/20/2020 11:35,117.20,117.25,117.12,117.23,115.97,116.62,117.11,117.01
8/20/2020 11:40,117.23,117.39,117.23,117.36,115.98,116.63,117.15,117.04
8/20/2020 11:45,117.36,117.41,117.24,117.31,115.99,116.65,117.18,117.07
8/20/2020 11:50,117.31,117.39,117.20,117.22,116.00,116.66,117.19,117.08
8/20/2020 11:55,117.22,117.32,117.17,117.31,116.01,116.68,117.21,117.10
8/20/2020 12:00,117.30,117.41,117.30,117.32,116.03,116.70,117.23,117.12
8/20/2020 12:05,117.32,117.40,117.28,117.33,116.04,116.73,117.25,117.14
8/20/2020 12:10,117.33,117.36,117.27,117.35,116.05,116.75,117.27,117.16
8/20/2020 12:15,117.35,117.60,117.34,117.57,116.06,116.78,117.32,117.20
8/20/2020 12:20,117.57,117.63,117.32,117.35,116.08,116.80,117.33,117.22
8/20/2020 12:25,117.35,117.50,117.34,117.46,116.09,116.83,117.35,117.24
8/20/2020 12:30,117.46,117.46,117.21,117.35,116.10,116.85,117.35,117.25
8/20/2020 12:35,117.35,117.38,117.28,117.34,116.11,116.86,117.35,117.26
8/20/2020 12:40,117.34,117.44,117.24,117.44,116.13,116.89,117.36,117.27
8/20/2020 12:45,117.44,117.47,117.32,117.37,116.14,116.91,117.36,117.28
8/20/2020 12:50,117.37,117.40,117.24,117.26,116.15,116.92,117.34,117.28
8/20/2020 12:55,117.26,117.26,117.15,117.23,116.16,116.94,117.32,117.28
8/20/2020 13:00,117.23,117.27,117.09,117.15,116.17,116.96,117.29,117.26
8/20/2020 13:05,117.15,117.25,117.11,117.15,116.18,116.98,117.27,117.25
8/20/2020 13:10,117.15,117.44,117.03,117.20,116.20,117.00,117.25,117.25
8/20/2020 13:15,117.20,117.27,117.17,117.25,116.21,117.02,117.25,117.25
8/20/2020 13:20,117.25,117.39,117.21,117.38,116.22,117.05,117.28,117.26
8/20/2020 13:25,117.38,117.40,117.32,117.38,116.23,117.07,117.30,117.27
8/20/2020 13:30,117.38,117.50,117.37,117.49,116.24,117.11,117.33,117.29
8/20/2020 13:35,117.49,117.50,117.41,117.48,116.26,117.14,117.36,117.31
8/20/2020 13:40,117.48,117.50,117.44,117.45,116.27,117.18,117.37,117.32
8/20/2020 13:45,117.45,117.48,117.43,117.45,116.29,117.20,117.39,117.34
8/20/2020 13:50,117.45,117.46,117.22,117.25,116.30,117.21,117.36,117.33
8/20/2020 13:55,117.25,117.31,117.16,117.19,116.32,117.22,117.33,117.31
8/20/2020 14:00,117.19,117.38,117.17,117.34,116.33,117.24,117.33,117.32
8/20/2020 14:05,117.33,117.36,117.23,117.31,116.35,117.24,117.33,117.32
8/20/2020 14:10,117.31,117.40,117.27,117.30,116.36,117.24,117.32,117.31
8/20/2020 14:15,117.30,117.42,117.30,117.40,116.38,117.25,117.34,117.32
8/20/2020 14:20,117.40,117.48,117.36,117.48,116.39,117.25,117.36,117.34
8/20/2020 14:25,117.48,117.58,117.39,117.44,116.41,117.26,117.38,117.35
8/20/2020 14:30,117.44,117.48,117.37,117.42,116.42,117.27,117.38,117.35
8/20/2020 14:35,117.42,117.42,117.34,117.40,116.43,117.28,117.39,117.36
8/20/2020 14:40,117.40,117.50,117.35,117.49,116.44,117.29,117.41,117.37
8/20/2020 14:45,117.49,117.55,117.45,117.51,116.46,117.30,117.42,117.38
8/20/2020 14:50,117.51,117.68,117.51,117.56,116.47,117.31,117.45,117.40
8/20/2020 14:55,117.56,117.61,117.44,117.53,116.48,117.32,117.46,117.41
8/20/2020 15:00,117.53,117.66,117.51,117.65,116.50,117.33,117.50,117.43
8/20/2020 15:05,117.65,117.75,117.44,117.73,116.51,117.33,117.54,117.46
8/20/2020 15:10,117.73,117.86,117.48,117.84,116.52,117.35,117.59,117.50
8/20/2020 15:15,117.84,118.06,117.80,118.05,116.54,117.37,117.68,117.55
8/20/2020 15:20,118.05,118.07,117.90,117.90,116.55,117.38,117.72,117.58
8/20/2020 15:25,117.90,117.95,117.79,117.84,116.57,117.40,117.74,117.61
8/20/2020 15:30,117.84,117.98,117.81,117.97,116.58,117.42,117.78,117.64
8/20/2020 15:35,117.97,117.98,117.87,117.91,116.60,117.44,117.80,117.67
8/20/2020 15:40,117.91,118.23,117.88,118.22,116.61,117.46,117.88,117.72
8/20/2020 15:45,118.22,118.36,118.18,118.30,116.63,117.48,117.96,117.78
8/20/2020 15:50,118.30,118.33,118.17,118.18,116.64,117.49,118.00,117.81
8/20/2020 15:55,118.18,118.34,118.13,118.29,116.66,117.51,118.05,117.86
8/20/2020 16:00,118.29,118.39,118.20,118.21,116.67,117.53,118.08,117.89
8/21/2020 9:35,119.52,120.10,119.25,120.05,116.69,117.59,118.44,118.10
8/21/2020 9:40,120.05,120.45,119.86,120.10,116.72,117.64,118.74,118.29
8/21/2020 9:45,120.10,120.44,120.09,120.41,116.74,117.71,119.04,118.49
8/21/2020 9:50,120.42,120.85,120.42,120.75,116.77,117.77,119.35,118.71
8/21/2020 9:55,120.75,120.79,120.30,120.53,116.79,117.83,119.57,118.88
8/21/2020 10:00,120.53,120.83,120.41,120.76,116.82,117.90,119.78,119.06
8/21/2020 10:05,120.76,121.00,120.50,120.62,116.85,117.96,119.93,119.21
8/21/2020 10:10,120.62,120.74,120.39,120.64,116.87,118.03,120.06,119.34
8/21/2020 10:15,120.64,120.79,120.44,120.48,116.90,118.09,120.14,119.45
8/21/2020 10:20,120.48,121.09,120.47,121.08,116.93,118.17,120.31,119.61
8/21/2020 10:25,121.07,121.34,120.89,121.34,116.96,118.25,120.50,119.77
8/21/2020 10:30,121.34,121.94,121.27,121.74,116.99,118.33,120.72,119.96
8/21/2020 10:35,121.74,122.12,121.74,121.93,117.02,118.43,120.94,120.15
8/21/2020 10:40,121.93,121.96,121.64,121.96,117.05,118.53,121.13,120.32
8/21/2020 10:45,121.95,121.96,121.63,121.78,117.08,118.62,121.24,120.46
8/21/2020 10:50,121.78,122.55,121.78,122.38,117.12,118.72,121.45,120.64
8/21/2020 10:55,122.38,122.84,122.33,122.66,117.15,118.83,121.67,120.83
8/21/2020 11:00,122.66,123.24,122.66,123.12,117.19,118.94,121.93,121.05
8/21/2020 11:05,123.12,123.18,122.66,122.72,117.22,119.05,122.08,121.21
8/21/2020 11:10,122.72,122.98,122.64,122.72,117.26,119.16,122.19,121.35
8/21/2020 11:15,122.72,122.89,122.42,122.47,117.29,119.26,122.24,121.46
8/21/2020 11:20,122.47,122.76,122.30,122.72,117.33,119.36,122.33,121.58
8/21/2020 11:25,122.71,123.23,122.69,123.20,117.36,119.48,122.49,121.73
8/21/2020 11:30,123.20,123.40,123.09,123.24,117.40,119.60,122.62,121.88
8/21/2020 11:35,123.24,123.31,122.85,122.90,117.43,119.71,122.67,121.97
8/21/2020 11:40,122.90,123.06,122.64,122.74,117.47,119.82,122.69,122.05
8/21/2020 11:45,122.74,122.75,122.48,122.60,117.50,119.92,122.67,122.10
8/21/2020 11:50,122.60,122.91,122.58,122.77,117.54,120.03,122.69,122.16
8/21/2020 11:55,122.77,122.83,122.35,122.39,117.57,120.13,122.63,122.19
8/21/2020 12:00,122.39,122.56,121.94,122.06,117.60,120.22,122.53,122.17
8/21/2020 12:05,122.06,122.44,121.98,122.24,117.64,120.32,122.48,122.18
8/21/2020 12:10,122.24,122.50,122.19,122.24,117.67,120.42,122.43,122.19
8/21/2020 12:15,122.24,122.38,122.16,122.33,117.70,120.52,122.42,122.20
8/21/2020 12:20,122.33,122.59,122.28,122.51,117.74,120.62,122.43,122.23
8/21/2020 12:25,122.51,122.76,122.45,122.70,117.77,120.72,122.48,122.27
8/21/2020 12:30,122.70,122.74,122.45,122.54,117.81,120.82,122.49,122.30
8/21/2020 12:35,122.54,122.78,122.52,122.75,117.84,120.92,122.54,122.34
8/21/2020 12:40,122.75,122.98,122.72,122.94,117.88,121.03,122.61,122.40
8/21/2020 12:45,122.93,123.10,122.88,122.96,117.92,121.13,122.67,122.45
8/21/2020 12:50,122.96,123.15,122.93,123.07,117.95,121.24,122.75,122.51
8/21/2020 12:55,123.07,123.07,122.77,122.96,117.99,121.34,122.78,122.55
8/21/2020 13:00,122.96,123.17,122.88,123.11,118.03,121.44,122.84,122.61
8/21/2020 13:05,123.10,123.15,122.70,122.84,118.06,121.54,122.84,122.63
8/21/2020 13:10,122.84,122.87,122.70,122.86,118.10,121.64,122.85,122.65
8/21/2020 13:15,122.86,122.92,122.70,122.74,118.13,121.74,122.83,122.66
8/21/2020 13:20,122.74,122.78,122.48,122.56,118.16,121.82,122.78,122.65
8/21/2020 13:25,122.57,122.61,122.38,122.43,118.20,121.90,122.71,122.63
8/21/2020 13:30,122.43,122.46,122.16,122.41,118.23,121.99,122.66,122.61
8/21/2020 13:35,122.41,122.62,122.31,122.61,118.26,122.08,122.65,122.61
8/21/2020 13:40,122.61,122.75,122.55,122.68,118.29,122.17,122.65,122.61
8/21/2020 13:45,122.67,122.86,122.63,122.66,118.32,122.22,122.66,122.62
8/21/2020 13:50,122.66,122.74,122.53,122.71,118.36,122.27,122.67,122.63
8/21/2020 13:55,122.71,122.71,122.56,122.58,118.38,122.31,122.65,122.62
8/21/2020 14:00,122.58,122.66,122.38,122.63,118.41,122.35,122.65,122.62
8/21/2020 14:05,122.63,122.80,122.60,122.78,118.45,122.40,122.67,122.64
8/21/2020 14:10,122.78,122.85,122.73,122.80,118.48,122.44,122.69,122.65
8/21/2020 14:15,122.80,122.92,122.74,122.87,118.51,122.48,122.73,122.67
8/21/2020 14:20,122.87,123.05,122.84,122.98,118.54,122.53,122.77,122.70
8/21/2020 14:25,122.98,123.02,122.88,123.01,118.57,122.58,122.82,122.73
8/21/2020 14:30,123.00,123.35,123.00,123.34,118.60,122.62,122.91,122.79
8/21/2020 14:35,123.34,123.49,123.10,123.20,118.63,122.66,122.96,122.83
8/21/2020 14:40,123.20,123.35,123.14,123.21,118.66,122.69,123.01,122.87
8/21/2020 14:45,123.21,123.38,123.17,123.32,118.70,122.72,123.07,122.91
8/21/2020 14:50,123.32,123.72,123.28,123.57,118.73,122.75,123.16,122.97
8/21/2020 14:55,123.57,123.75,123.53,123.68,118.76,122.79,123.25,123.04
8/21/2020 15:00,123.68,124.07,123.63,124.03,118.80,122.82,123.39,123.13
8/21/2020 15:05,124.02,124.41,124.01,124.30,118.84,122.86,123.56,123.24
8/21/2020 15:10,124.29,124.63,124.19,124.59,118.88,122.88,123.75,123.37
8/21/2020 15:15,124.59,124.87,124.56,124.71,118.91,122.92,123.92,123.50
8/21/2020 15:20,124.71,124.71,124.30,124.34,118.95,122.96,124.00,123.58
8/21/2020 15:25,124.34,124.76,124.33,124.72,118.99,123.00,124.13,123.69
8/21/2020 15:30,124.72,124.73,124.14,124.28,119.03,123.03,124.16,123.75
8/21/2020 15:35,124.28,124.48,123.94,123.98,119.06,123.05,124.12,123.77
8/21/2020 15:40,123.98,124.24,123.77,124.24,119.10,123.07,124.15,123.81
8/21/2020 15:45,124.24,124.26,123.63,123.82,119.13,123.09,124.09,123.81
8/21/2020 15:50,123.82,124.41,123.80,124.24,119.17,123.12,124.11,123.85
8/21/2020 15:55,124.24,124.64,124.22,124.60,119.21,123.16,124.20,123.92
8/21/2020 16:00,124.60,124.80,124.34,124.35,119.25,123.19,124.23,123.96
8/24/2020 9:35,128.78,128.79,127.50,127.75,119.30,123.30,124.87,124.33
8/24/2020 9:40,127.75,128.73,127.73,128.68,119.36,123.43,125.56,124.74
8/24/2020 9:45,128.67,128.73,127.74,127.85,119.42,123.54,125.98,125.04
8/24/2020 9:50,127.85,127.86,126.90,126.94,119.47,123.63,126.15,125.22
8/24/2020 9:55,126.94,127.18,125.79,125.88,119.51,123.71,126.10,125.28
8/24/2020 10:00,125.88,127.06,125.56,126.84,119.56,123.79,126.24,125.43
8/24/2020 10:05,126.84,126.87,125.25,125.62,119.61,123.85,126.13,125.45
8/24/2020 10:10,125.62,125.96,125.00,125.47,119.65,123.91,126.01,125.45
8/24/2020 10:15,125.47,126.35,125.30,126.34,119.70,123.98,126.07,125.53
8/24/2020 10:20,126.34,126.84,126.22,126.72,119.74,124.06,126.19,125.65
8/24/2020 10:25,126.72,126.87,126.06,126.13,119.79,124.12,126.18,125.69
8/24/2020 10:30,126.13,126.13,125.70,125.72,119.83,124.17,126.09,125.70
8/24/2020 10:35,125.72,125.94,125.29,125.41,119.88,124.22,125.97,125.67
8/24/2020 10:40,125.41,125.81,125.08,125.73,119.92,124.27,125.93,125.67
8/24/2020 10:45,125.73,125.75,125.13,125.37,119.96,124.33,125.82,125.65
8/24/2020 10:50,125.37,125.39,124.25,124.87,120.00,124.37,125.65,125.57
8/24/2020 10:55,124.87,124.89,123.94,124.07,120.04,124.39,125.36,125.43
8/24/2020 11:00,124.07,124.56,123.95,124.12,120.08,124.42,125.14,125.30
8/24/2020 11:05,124.20,125.43,123.94,125.28,120.12,124.48,125.16,125.30
8/24/2020 11:10,125.28,125.75,125.10,125.57,120.17,124.54,125.24,125.33
8/24/2020 11:15,125.57,125.74,125.36,125.45,120.21,124.60,125.28,125.34
8/24/2020 11:20,125.45,126.08,125.29,125.92,120.26,124.67,125.39,125.39
8/24/2020 11:25,125.92,126.10,125.57,125.71,120.30,124.73,125.45,125.42
8/24/2020 11:30,125.71,125.83,125.22,125.34,120.35,124.78,125.43,125.42
8/24/2020 11:35,125.34,125.90,125.31,125.75,120.40,124.84,125.49,125.45
8/24/2020 11:40,125.75,126.41,125.56,126.34,120.45,124.92,125.64,125.53
8/24/2020 11:45,126.34,126.56,126.22,126.51,120.50,124.99,125.80,125.63
8/24/2020 11:50,126.51,126.87,126.47,126.78,120.55,125.07,125.98,125.74
8/24/2020 11:55,126.78,126.96,126.58,126.81,120.61,125.15,126.13,125.84
8/24/2020 12:00,126.80,127.16,126.78,127.02,120.66,125.23,126.29,125.95
8/24/2020 12:05,127.02,127.25,126.93,126.95,120.71,125.31,126.41,126.05
8/24/2020 12:10,126.95,127.09,126.64,126.77,120.76,125.38,126.48,126.11
8/24/2020 12:15,126.77,127.05,126.73,127.02,120.82,125.45,126.58,126.20
8/24/2020 12:20,127.03,127.38,127.01,127.22,120.87,125.53,126.69,126.30
8/24/2020 12:25,127.22,127.45,127.05,127.31,120.93,125.61,126.80,126.39
8/24/2020 12:30,127.31,127.35,126.85,126.93,120.98,125.68,126.83,126.45
8/24/2020 12:35,126.93,126.94,126.68,126.91,121.03,125.75,126.84,126.49
8/24/2020 12:40,126.91,126.98,126.56,126.74,121.09,125.80,126.82,126.51
8/24/2020 12:45,126.74,126.88,126.31,126.55,121.14,125.85,126.77,126.52
8/24/2020 12:50,126.55,126.75,126.39,126.64,121.19,125.89,126.75,126.53
8/24/2020 12:55,126.64,126.65,126.06,126.22,121.24,125.92,126.65,126.50
8/24/2020 13:00,126.22,126.40,126.13,126.20,121.29,125.95,126.57,126.47
8/24/2020 13:05,126.20,126.69,126.00,126.62,121.35,125.99,126.58,126.49
8/24/2020 13:10,126.61,127.00,126.50,127.00,121.40,126.05,126.66,126.53
8/24/2020 13:15,127.00,127.00,126.66,126.90,121.46,126.10,126.70,126.57
8/24/2020 13:20,126.90,126.92,126.52,126.56,121.51,126.15,126.67,126.57
8/24/2020 13:25,126.56,126.69,126.40,126.53,121.56,126.20,126.65,126.56
8/24/2020 13:30,126.53,126.58,126.28,126.29,121.60,126.25,126.58,126.54
8/24/2020 13:35,126.29,126.33,126.01,126.16,121.65,126.28,126.51,126.50
8/24/2020 13:40,126.16,126.38,126.15,126.23,121.69,126.31,126.46,126.48
8/24/2020 13:45,126.23,126.31,125.78,125.83,121.74,126.28,126.34,126.41
8/24/2020 13:50,125.83,126.10,125.82,125.92,121.78,126.22,126.27,126.37
8/24/2020 13:55,125.92,126.39,125.90,126.35,121.83,126.19,126.28,126.37
8/24/2020 14:00,126.35,126.68,126.18,126.50,121.88,126.18,126.32,126.38
8/24/2020 14:05,126.52,126.60,126.21,126.29,121.92,126.19,126.32,126.37
8/24/2020 14:10,126.29,126.66,126.28,126.60,121.97,126.19,126.37,126.39
8/24/2020 14:15,126.60,126.64,126.43,126.49,122.02,126.20,126.39,126.40
8/24/2020 14:20,126.49,126.77,126.41,126.55,122.07,126.22,126.42,126.42
8/24/2020 14:25,126.55,126.55,126.09,126.17,122.11,126.22,126.37,126.39
8/24/2020 14:30,126.15,126.19,125.92,126.04,122.16,126.21,126.31,126.36
8/24/2020 14:35,126.05,126.05,125.61,125.71,122.20,126.20,126.20,126.30
8/24/2020 14:40,125.71,125.90,125.60,125.77,122.24,126.20,126.12,126.25
8/24/2020 14:45,125.77,125.84,125.50,125.66,122.28,126.21,126.04,126.19
8/24/2020 14:50,125.66,125.94,125.64,125.75,122.33,126.21,125.99,126.15
8/24/2020 14:55,125.75,125.84,125.28,125.28,122.37,126.20,125.86,126.07
8/24/2020 15:00,125.28,125.66,125.28,125.43,122.41,126.22,125.78,126.01
8/24/2020 15:05,125.43,125.60,125.20,125.24,122.45,126.24,125.68,125.93
8/24/2020 15:10,125.24,125.29,124.85,124.91,122.49,126.25,125.54,125.83
8/24/2020 15:15,124.89,124.99,124.66,124.94,122.53,126.25,125.43,125.75
8/24/2020 15:20,124.94,125.49,124.92,125.32,122.57,126.24,125.41,125.71
8/24/2020 15:25,125.32,125.46,125.08,125.38,122.61,126.24,125.41,125.68
8/24/2020 15:30,125.38,125.86,125.28,125.81,122.65,126.24,125.48,125.69
8/24/2020 15:35,125.81,125.97,125.52,125.86,122.69,126.24,125.55,125.71
8/24/2020 15:40,125.86,126.13,125.68,125.96,122.74,126.25,125.62,125.73
8/24/2020 15:45,125.96,126.10,125.88,126.03,122.78,126.26,125.70,125.76
8/24/2020 15:50,126.03,126.13,125.44,125.50,122.82,126.24,125.66,125.73
8/24/2020 15:55,125.50,125.85,125.39,125.59,122.86,126.22,125.65,125.72
8/24/2020 16:00,125.59,126.00,125.48,125.95,122.90,126.21,125.70,125.74
8/25/2020 9:35,124.70,125.18,124.11,124.46,122.94,126.16,125.47,125.62
8/25/2020 9:40,124.46,125.18,124.35,124.53,122.98,126.11,125.30,125.51
8/25/2020 9:45,124.53,124.92,124.04,124.55,123.01,126.06,125.17,125.42
8/25/2020 9:50,124.54,124.70,124.20,124.29,123.05,126.01,125.01,125.32
8/25/2020 9:55,124.29,124.29,123.70,123.79,123.08,125.95,124.79,125.17
8/25/2020 10:00,123.77,124.35,123.75,124.32,123.11,125.89,124.70,125.09
8/25/2020 10:05,124.32,124.34,124.02,124.14,123.15,125.83,124.60,125.00
8/25/2020 10:10,124.13,124.25,123.43,123.49,123.18,125.76,124.40,124.85
8/25/2020 10:15,123.49,123.63,123.05,123.45,123.21,125.69,124.22,124.72
8/25/2020 10:20,123.45,123.93,123.38,123.77,123.24,125.63,124.14,124.63
8/25/2020 10:25,123.77,123.80,123.44,123.64,123.28,125.57,124.05,124.54
8/25/2020 10:30,123.64,123.76,123.23,123.44,123.31,125.51,123.94,124.43
8/25/2020 10:35,123.44,123.44,123.13,123.31,123.34,125.45,123.82,124.32
8/25/2020 10:40,123.31,123.86,123.23,123.85,123.37,125.40,123.83,124.28
8/25/2020 10:45,123.85,123.95,123.57,123.61,123.40,125.34,123.79,124.22
8/25/2020 10:50,123.61,123.97,123.56,123.62,123.43,125.27,123.76,124.16
8/25/2020 10:55,123.62,123.65,123.38,123.47,123.46,125.21,123.71,124.09
8/25/2020 11:00,123.47,123.87,123.36,123.86,123.49,125.15,123.73,124.07
8/25/2020 11:05,123.86,124.31,123.72,124.21,123.53,125.11,123.82,124.08
8/25/2020 11:10,124.21,124.48,124.17,124.44,123.56,125.07,123.93,124.12
8/25/2020 11:15,124.44,124.65,124.27,124.63,123.60,125.04,124.06,124.17
8/25/2020 11:20,124.63,124.84,124.56,124.82,123.64,125.01,124.20,124.23
8/25/2020 11:25,124.82,124.86,124.41,124.50,123.67,124.98,124.25,124.25
8/25/2020 11:30,124.50,124.60,124.17,124.28,123.71,124.95,124.26,124.26
8/25/2020 11:35,124.28,124.36,124.03,124.32,123.74,124.91,124.27,124.26
8/25/2020 11:40,124.31,124.32,123.88,123.91,123.77,124.86,124.20,124.23
8/25/2020 11:45,123.91,124.15,123.74,123.85,123.81,124.81,124.14,124.19
8/25/2020 11:50,123.85,124.06,123.78,124.02,123.84,124.76,124.12,124.18
8/25/2020 11:55,124.02,124.23,124.00,124.12,123.87,124.71,124.12,124.17
8/25/2020 12:00,124.12,124.27,123.96,123.97,123.90,124.66,124.09,124.15
8/25/2020 12:05,123.97,124.11,123.65,123.74,123.93,124.61,124.03,124.11
8/25/2020 12:10,123.74,123.87,123.60,123.81,123.96,124.56,123.99,124.08
8/25/2020 12:15,123.81,123.85,123.47,123.59,123.99,124.52,123.91,124.04
8/25/2020 12:20,123.58,123.75,123.51,123.66,124.02,124.48,123.87,124.00
8/25/2020 12:25,123.66,123.87,123.64,123.81,124.05,124.44,123.86,123.98
8/25/2020 12:30,123.81,123.97,123.79,123.92,124.08,124.41,123.87,123.98
8/25/2020 12:35,123.92,124.00,123.78,123.93,124.11,124.38,123.88,123.97
8/25/2020 12:40,123.93,123.98,123.81,123.96,124.14,124.35,123.90,123.97
8/25/2020 12:45,123.96,124.17,123.95,124.05,124.17,124.33,123.92,123.98
8/25/2020 12:50,124.05,124.13,123.91,123.93,124.20,124.31,123.92,123.97
8/25/2020 12:55,123.94,123.97,123.80,123.84,124.23,124.29,123.91,123.96
8/25/2020 13:00,123.84,123.94,123.78,123.84,124.26,124.26,123.90,123.95
8/25/2020 13:05,123.84,123.95,123.75,123.78,124.29,124.22,123.87,123.93
8/25/2020 13:10,123.79,123.81,123.58,123.72,124.31,124.18,123.85,123.91
8/25/2020 13:15,123.72,123.90,123.64,123.85,124.33,124.14,123.85,123.91
8/25/2020 13:20,123.85,123.91,123.76,123.89,124.35,124.10,123.85,123.90
8/25/2020 13:25,123.89,124.07,123.85,124.03,124.37,124.06,123.89,123.92
8/25/2020 13:30,124.03,124.23,124.03,124.18,124.39,124.03,123.94,123.94
8/25/2020 13:35,124.18,124.28,123.94,124.00,124.40,124.00,123.95,123.95
8/25/2020 13:40,124.00,124.00,123.86,123.90,124.42,123.96,123.94,123.94
8/25/2020 13:45,123.89,124.11,123.80,124.04,124.44,123.95,123.96,123.95
8/25/2020 13:50,124.04,124.05,123.73,123.78,124.45,123.94,123.93,123.94
8/25/2020 13:55,123.78,123.95,123.77,123.91,124.47,123.92,123.92,123.93
8/25/2020 14:00,123.91,124.00,123.81,123.84,124.48,123.92,123.91,123.92
8/25/2020 14:05,123.84,123.86,123.71,123.80,124.50,123.92,123.89,123.91
8/25/2020 14:10,123.80,123.90,123.77,123.86,124.51,123.91,123.88,123.91
8/25/2020 14:15,123.86,124.00,123.85,123.93,124.52,123.90,123.89,123.91
8/25/2020 14:20,123.93,124.00,123.79,123.82,124.53,123.91,123.88,123.90
8/25/2020 14:25,123.82,123.87,123.76,123.83,124.54,123.92,123.87,123.89
8/25/2020 14:30,123.83,123.94,123.81,123.88,124.54,123.92,123.87,123.89
8/25/2020 14:35,123.88,123.97,123.81,123.95,124.55,123.93,123.88,123.90
8/25/2020 14:40,123.95,124.06,123.80,123.84,124.55,123.93,123.88,123.89
8/25/2020 14:45,123.84,124.02,123.79,123.91,124.56,123.95,123.88,123.89
8/25/2020 14:50,123.91,124.17,123.91,124.09,124.57,123.95,123.92,123.91
8/25/2020 14:55,124.09,124.12,123.92,124.00,124.57,123.96,123.94,123.92
8/25/2020 15:00,124.00,124.21,123.86,124.13,124.58,123.97,123.97,123.94
8/25/2020 15:05,124.13,124.31,124.03,124.24,124.59,123.98,124.02,123.97
8/25/2020 15:10,124.24,124.50,124.15,124.46,124.59,124.00,124.10,124.02
8/25/2020 15:15,124.46,124.72,124.46,124.58,124.60,124.00,124.19,124.07
8/25/2020 15:20,124.58,124.87,124.53,124.84,124.61,124.01,124.31,124.14
8/25/2020 15:25,124.84,125.00,124.68,124.98,124.62,124.02,124.43,124.22
8/25/2020 15:30,124.98,125.02,124.75,124.82,124.63,124.02,124.50,124.28
8/25/2020 15:35,124.82,124.90,124.68,124.87,124.65,124.02,124.57,124.33
8/25/2020 15:40,124.87,125.01,124.86,124.98,124.66,124.04,124.64,124.40
8/25/2020 15:45,124.98,125.07,124.76,124.77,124.67,124.05,124.66,124.43
8/25/2020 15:50,124.78,124.85,124.57,124.65,124.68,124.06,124.66,124.45
8/25/2020 15:55,124.65,124.93,124.63,124.83,124.70,124.08,124.69,124.49
8/25/2020 16:00,124.83,124.98,124.71,124.83,124.71,124.10,124.72,124.52
8/26/2020 9:35,126.25,126.59,125.88,126.40,124.73,124.14,125.02,124.70
8/26/2020 9:40,126.40,126.97,126.37,126.80,124.75,124.20,125.35,124.90
8/26/2020 9:45,126.80,126.99,126.45,126.54,124.77,124.26,125.56,125.06
8/26/2020 9:50,126.54,126.75,126.26,126.63,124.79,124.31,125.76,125.21
8/26/2020 9:55,126.63,126.64,125.85,125.92,124.80,124.36,125.79,125.27
8/26/2020 10:00,125.92,126.35,125.90,125.98,124.82,124.41,125.82,125.34
8/26/2020 10:05,125.98,126.06,125.45,125.76,124.83,124.45,125.81,125.38
8/26/2020 10:10,125.76,125.81,125.59,125.69,124.84,124.48,125.79,125.41
8/26/2020 10:15,125.69,125.70,125.39,125.46,124.86,124.51,125.73,125.42
8/26/2020 10:20,125.46,125.86,125.45,125.52,124.87,124.54,125.69,125.43
8/26/2020 10:25,125.52,125.52,125.08,125.29,124.88,124.57,125.62,125.41
8/26/2020 10:30,125.29,125.57,125.12,125.45,124.90,124.60,125.59,125.42
8/26/2020 10:35,125.45,125.81,125.45,125.77,124.91,124.64,125.62,125.45
8/26/2020 10:40,125.77,125.90,125.65,125.84,124.93,124.68,125.66,125.49
8/26/2020 10:45,125.84,125.97,125.56,125.62,124.94,124.71,125.65,125.50
8/26/2020 10:50,125.62,125.67,125.49,125.57,124.96,124.75,125.64,125.51
8/26/2020 10:55,125.57,125.62,125.38,125.55,124.97,124.78,125.62,125.51
8/26/2020 11:00,125.55,125.66,125.53,125.56,124.99,124.82,125.61,125.52
8/26/2020 11:05,125.56,125.86,125.56,125.72,125.00,124.85,125.63,125.53
8/26/2020 11:10,125.71,125.87,125.66,125.71,125.02,124.88,125.64,125.55
8/26/2020 11:15,125.71,125.73,125.44,125.49,125.03,124.91,125.62,125.55
8/26/2020 11:20,125.49,125.55,125.33,125.43,125.05,124.94,125.58,125.53
8/26/2020 11:25,125.43,125.62,125.38,125.56,125.06,124.97,125.58,125.54
8/26/2020 11:30,125.56,125.82,125.49,125.75,125.07,125.01,125.61,125.56
8/26/2020 11:35,125.75,125.86,125.61,125.65,125.09,125.05,125.62,125.57
8/26/2020 11:40,125.65,125.70,125.57,125.68,125.10,125.08,125.63,125.58
8/26/2020 11:45,125.68,125.93,125.68,125.89,125.11,125.13,125.68,125.61
8/26/2020 11:50,125.89,126.02,125.83,125.99,125.13,125.17,125.73,125.64
8/26/2020 11:55,125.98,126.20,125.95,126.19,125.14,125.21,125.82,125.70
8/26/2020 12:00,126.19,126.27,126.09,126.21,125.15,125.26,125.89,125.74
8/26/2020 12:05,126.21,126.25,125.79,125.98,125.16,125.30,125.90,125.77
8/26/2020 12:10,125.98,126.08,125.86,125.91,125.17,125.35,125.90,125.78
8/26/2020 12:15,125.91,126.40,125.89,126.40,125.18,125.39,125.99,125.84
8/26/2020 12:20,126.40,126.52,126.27,126.49,125.19,125.45,126.08,125.90
8/26/2020 12:25,126.49,126.62,126.34,126.59,125.20,125.50,126.18,125.97
8/26/2020 12:30,126.59,126.83,126.50,126.67,125.21,125.55,126.27,126.03
8/26/2020 12:35,126.67,126.80,126.44,126.49,125.22,125.60,126.31,126.08
8/26/2020 12:40,126.49,126.59,126.27,126.30,125.23,125.65,126.31,126.10
8/26/2020 12:45,126.30,126.38,126.21,126.29,125.24,125.69,126.30,126.12
8/26/2020 12:50,126.29,126.29,126.10,126.28,125.26,125.72,126.30,126.13
8/26/2020 12:55,126.28,126.49,126.26,126.42,125.27,125.76,126.32,126.16
8/26/2020 13:00,126.42,126.46,126.15,126.17,125.28,125.79,126.29,126.16
8/26/2020 13:05,126.17,126.30,126.10,126.12,125.29,125.81,126.26,126.16
8/26/2020 13:10,126.11,126.23,125.90,125.97,125.29,125.83,126.21,126.14
8/26/2020 13:15,125.97,126.11,125.84,126.06,125.29,125.86,126.18,126.13
8/26/2020 13:20,126.06,126.25,126.01,126.17,125.27,125.88,126.18,126.13
8/26/2020 13:25,126.17,126.26,126.08,126.24,125.26,125.91,126.19,126.14
8/26/2020 13:30,126.24,126.25,126.07,126.08,125.26,125.94,126.17,126.14
8/26/2020 13:35,126.08,126.14,126.05,126.09,125.26,125.96,126.16,126.13
8/26/2020 13:40,126.10,126.31,126.06,126.28,125.26,125.99,126.18,126.15
8/26/2020 13:45,126.28,126.30,126.18,126.21,125.26,125.99,126.18,126.15
8/26/2020 13:50,126.21,126.35,126.20,126.34,125.27,125.98,126.21,126.17
8/26/2020 13:55,126.34,126.42,126.21,126.24,125.27,125.97,126.22,126.18
8/26/2020 14:00,126.24,126.32,126.21,126.31,125.26,125.97,126.23,126.19
8/26/2020 14:05,126.31,126.47,126.25,126.41,125.26,125.98,126.26,126.21
8/26/2020 14:10,126.41,126.42,126.28,126.35,125.27,125.98,126.28,126.22
8/26/2020 14:15,126.35,126.37,126.21,126.24,125.27,125.99,126.27,126.23
8/26/2020 14:20,126.24,126.28,126.14,126.15,125.27,126.00,126.25,126.22
8/26/2020 14:25,126.15,126.21,126.08,126.12,125.28,126.02,126.23,126.21
8/26/2020 14:30,126.12,126.23,126.09,126.15,125.28,126.03,126.21,126.20
8/26/2020 14:35,126.15,126.20,125.95,125.96,125.29,126.04,126.17,126.18
8/26/2020 14:40,125.96,125.98,125.75,125.86,125.30,126.05,126.11,126.15
8/26/2020 14:45,125.86,125.97,125.59,125.63,125.30,126.05,126.02,126.10
8/26/2020 14:50,125.63,125.93,125.58,125.89,125.31,126.05,126.00,126.08
8/26/2020 14:55,125.89,125.92,125.58,125.59,125.31,126.05,125.92,126.03
8/26/2020 15:00,125.59,125.73,125.40,125.63,125.30,126.05,125.87,125.99
8/26/2020 15:05,125.63,125.67,125.46,125.52,125.30,126.05,125.81,125.95
8/26/2020 15:10,125.52,125.92,125.52,125.78,125.31,126.05,125.80,125.93
8/26/2020 15:15,125.78,125.93,125.75,125.92,125.31,126.06,125.82,125.93
8/26/2020 15:20,125.92,125.94,125.75,125.85,125.30,126.06,125.83,125.92
8/26/2020 15:25,125.85,126.07,125.80,125.91,125.30,126.07,125.84,125.92
8/26/2020 15:30,125.91,126.04,125.89,126.01,125.30,126.08,125.87,125.93
8/26/2020 15:35,126.01,126.06,125.85,125.86,125.29,126.08,125.87,125.92
8/26/2020 15:40,125.86,126.15,125.86,126.07,125.29,126.09,125.91,125.94
8/26/2020 15:45,126.07,126.12,125.94,125.98,125.28,126.10,125.92,125.94
8/26/2020 15:50,125.98,126.25,125.94,126.24,125.28,126.11,125.98,125.97
8/26/2020 15:55,126.24,126.45,126.22,126.44,125.28,126.12,126.06,126.02
8/26/2020 16:00,126.45,126.58,126.42,126.55,125.27,126.13,126.15,126.07
8/27/2020 9:35,127.13,127.49,126.71,127.29,125.27,126.15,126.36,126.18
8/27/2020 9:40,127.26,127.43,126.74,126.81,125.27,126.17,126.44,126.24
8/27/2020 9:45,126.81,127.20,126.77,127.11,125.27,126.19,126.56,126.32
8/27/2020 9:50,127.11,127.18,126.56,127.03,125.28,126.21,126.65,126.39
8/27/2020 9:55,127.05,127.16,126.88,126.96,125.28,126.22,126.70,126.45
8/27/2020 10:00,126.95,126.98,126.71,126.76,125.28,126.23,126.71,126.48
8/27/2020 10:05,126.77,126.84,126.11,126.14,125.28,126.22,126.61,126.44
8/27/2020 10:10,126.14,126.25,125.77,125.96,125.28,126.20,126.49,126.40
8/27/2020 10:15,125.96,126.19,125.72,126.09,125.27,126.20,126.42,126.37
8/27/2020 10:20,126.09,126.42,126.00,126.39,125.27,126.20,126.41,126.37
8/27/2020 10:25,126.39,126.39,126.09,126.09,125.27,126.19,126.35,126.34
8/27/2020 10:30,126.09,126.42,125.96,126.39,125.27,126.20,126.36,126.35
8/27/2020 10:35,126.39,126.46,126.28,126.42,125.27,126.20,126.37,126.35
8/27/2020 10:40,126.42,126.43,125.98,126.05,125.26,126.19,126.31,126.33
8/27/2020 10:45,126.05,126.12,125.84,126.07,125.26,126.19,126.27,126.30
8/27/2020 10:50,126.07,126.07,125.80,125.86,125.26,126.19,126.19,126.26
8/27/2020 10:55,125.86,126.22,125.78,126.19,125.26,126.19,126.19,126.25
8/27/2020 11:00,126.19,126.31,126.08,126.20,125.27,126.19,126.19,126.25
8/27/2020 11:05,126.20,126.44,126.05,126.37,125.27,126.20,126.23,126.26
8/27/2020 11:10,126.37,126.39,126.20,126.25,125.26,126.20,126.23,126.26
8/27/2020 11:15,126.25,126.31,126.17,126.23,125.26,126.20,126.23,126.25
8/27/2020 11:20,126.23,126.28,126.00,126.02,125.26,126.20,126.19,126.23
8/27/2020 11:25,126.02,126.19,125.95,125.97,125.26,126.19,126.15,126.21
8/27/2020 11:30,125.98,126.05,125.90,126.00,125.26,126.19,126.12,126.19
8/27/2020 11:35,126.00,126.15,125.92,126.12,125.26,126.18,126.12,126.18
8/27/2020 11:40,126.12,126.22,126.10,126.21,125.26,126.18,126.14,126.18
8/27/2020 11:45,126.21,126.34,126.16,126.30,125.26,126.18,126.17,126.19
8/27/2020 11:50,126.30,126.39,126.19,126.22,125.26,126.18,126.18,126.20
8/27/2020 11:55,126.22,126.34,126.14,126.31,125.26,126.18,126.20,126.21
8/27/2020 12:00,126.31,126.34,126.16,126.18,125.27,126.18,126.20,126.21
8/27/2020 12:05,126.18,126.21,125.89,126.04,125.27,126.18,126.17,126.19
8/27/2020 12:10,126.04,126.08,125.94,126.04,125.27,126.17,126.15,126.18
8/27/2020 12:15,126.04,126.06,125.94,126.01,125.28,126.18,126.12,126.16
8/27/2020 12:20,126.02,126.04,125.78,125.78,125.28,126.17,126.06,126.12
8/27/2020 12:25,125.78,125.79,125.53,125.74,125.29,126.18,126.00,126.09
8/27/2020 12:30,125.74,125.82,125.54,125.58,125.29,126.17,125.92,126.04
8/27/2020 12:35,125.58,125.73,125.28,125.35,125.29,126.17,125.82,125.97
8/27/2020 12:40,125.35,125.39,125.05,125.25,125.28,126.16,125.72,125.90
8/27/2020 12:45,125.26,125.30,125.06,125.10,125.28,126.15,125.60,125.83
8/27/2020 12:50,125.10,125.10,124.54,124.65,125.27,126.13,125.43,125.71
8/27/2020 12:55,124.65,124.70,123.83,124.27,125.27,126.09,125.22,125.58
8/27/2020 13:00,124.27,124.60,124.20,124.41,125.26,126.06,125.07,125.47
8/27/2020 13:05,124.41,124.50,124.10,124.30,125.25,126.03,124.93,125.35
8/27/2020 13:10,124.30,124.80,124.04,124.79,125.25,126.01,124.91,125.30
8/27/2020 13:15,124.79,124.93,124.64,124.74,125.25,125.99,124.88,125.25
8/27/2020 13:20,124.74,124.81,124.43,124.62,125.25,125.96,124.83,125.19
8/27/2020 13:25,124.62,124.97,124.49,124.84,125.25,125.93,124.83,125.15
8/27/2020 13:30,124.84,125.22,124.83,125.16,125.26,125.91,124.89,125.16
8/27/2020 13:35,125.16,125.21,124.94,125.03,125.26,125.88,124.92,125.14
8/27/2020 13:40,125.03,125.15,124.93,125.01,125.26,125.85,124.93,125.13
8/27/2020 13:45,125.01,125.10,124.77,124.89,125.27,125.81,124.93,125.11
8/27/2020 13:50,124.89,125.05,124.75,124.95,125.28,125.77,124.93,125.09
8/27/2020 13:55,124.95,124.97,124.58,124.73,125.28,125.72,124.89,125.06
8/27/2020 14:00,124.73,125.43,124.71,125.40,125.29,125.69,124.99,125.09
8/27/2020 14:05,125.38,125.65,125.27,125.54,125.30,125.66,125.09,125.13
8/27/2020 14:10,125.54,125.59,125.40,125.45,125.31,125.63,125.15,125.16
8/27/2020 14:15,125.45,125.55,125.32,125.43,125.32,125.62,125.20,125.19
8/27/2020 14:20,125.43,125.58,125.42,125.56,125.33,125.61,125.27,125.22
8/27/2020 14:25,125.56,125.61,125.31,125.32,125.34,125.60,125.28,125.23
8/27/2020 14:30,125.32,125.65,125.32,125.58,125.35,125.58,125.33,125.27
8/27/2020 14:35,125.58,125.62,125.49,125.53,125.36,125.57,125.37,125.29
8/27/2020 14:40,125.53,125.74,125.53,125.67,125.37,125.55,125.42,125.33
8/27/2020 14:45,125.67,125.84,125.67,125.82,125.37,125.54,125.49,125.37
8/27/2020 14:50,125.82,125.87,125.32,125.33,125.38,125.53,125.46,125.37
8/27/2020 14:55,125.33,125.57,125.33,125.50,125.38,125.52,125.47,125.38
8/27/2020 15:00,125.50,125.69,125.47,125.67,125.39,125.51,125.51,125.41
8/27/2020 15:05,125.67,125.80,125.51,125.52,125.39,125.50,125.51,125.42
8/27/2020 15:10,125.52,125.57,125.35,125.48,125.40,125.48,125.50,125.43
8/27/2020 15:15,125.48,125.60,125.38,125.46,125.40,125.47,125.50,125.43
8/27/2020 15:20,125.46,125.69,125.43,125.60,125.41,125.45,125.51,125.44
8/27/2020 15:25,125.60,125.73,125.58,125.61,125.42,125.44,125.53,125.46
8/27/2020 15:30,125.61,125.64,125.51,125.57,125.43,125.43,125.54,125.47
8/27/2020 15:35,125.57,125.67,125.49,125.57,125.44,125.42,125.54,125.48
8/27/2020 15:40,125.57,125.60,125.35,125.36,125.44,125.41,125.51,125.47
8/27/2020 15:45,125.36,125.44,125.13,125.16,125.45,125.39,125.45,125.44
8/27/2020 15:50,125.16,125.28,125.00,125.16,125.46,125.37,125.39,125.41
8/27/2020 15:55,125.16,125.27,124.99,125.18,125.47,125.35,125.35,125.39
8/27/2020 16:00,125.18,125.26,125.01,125.01,125.47,125.32,125.29,125.35
8/28/2020 9:35,126.00,126.26,125.51,125.86,125.48,125.32,125.39,125.40
8/28/2020 9:40,125.86,125.99,125.45,125.46,125.49,125.30,125.41,125.41
8/28/2020 9:45,125.46,125.75,125.33,125.68,125.50,125.29,125.46,125.43
8/28/2020 9:50,125.68,125.70,125.01,125.13,125.51,125.28,125.40,125.40
8/28/2020 9:55,125.13,125.43,124.86,125.23,125.51,125.26,125.37,125.39
8/28/2020 10:00,125.25,125.88,125.13,125.88,125.52,125.26,125.46,125.43
8/28/2020 10:05,125.88,125.88,125.60,125.63,125.53,125.26,125.49,125.45
8/28/2020 10:10,125.63,125.88,125.41,125.60,125.54,125.26,125.51,125.47
8/28/2020 10:15,125.60,125.75,125.46,125.52,125.55,125.26,125.51,125.47
8/28/2020 10:20,125.52,125.64,125.37,125.52,125.56,125.27,125.51,125.48
8/28/2020 10:25,125.52,125.87,125.29,125.73,125.57,125.28,125.55,125.50
8/28/2020 10:30,125.73,125.79,125.62,125.70,125.57,125.30,125.58,125.52
8/28/2020 10:35,125.70,125.76,125.43,125.54,125.58,125.33,125.57,125.52
8/28/2020 10:40,125.54,125.62,125.33,125.52,125.59,125.35,125.56,125.52
8/28/2020 10:45,125.52,125.62,125.38,125.54,125.60,125.37,125.56,125.52
8/28/2020 10:50,125.53,125.58,125.18,125.47,125.60,125.39,125.54,125.52
8/28/2020 10:55,125.47,125.49,125.22,125.37,125.61,125.40,125.51,125.50
8/28/2020 11:00,125.37,125.40,125.06,125.13,125.62,125.41,125.44,125.47
8/28/2020 11:05,125.13,125.27,125.00,125.15,125.62,125.42,125.39,125.44
8/28/2020 11:10,125.15,125.44,125.12,125.37,125.63,125.42,125.38,125.43
8/28/2020 11:15,125.37,125.56,125.33,125.41,125.64,125.43,125.39,125.43
8/28/2020 11:20,125.41,125.48,125.33,125.39,125.65,125.44,125.39,125.42
8/28/2020 11:25,125.39,125.74,125.39,125.67,125.66,125.45,125.44,125.45
8/28/2020 11:30,125.67,125.90,125.65,125.88,125.67,125.47,125.52,125.49
8/28/2020 11:35,125.88,125.89,125.61,125.65,125.68,125.49,125.54,125.50
8/28/2020 11:40,125.65,125.75,125.55,125.63,125.68,125.49,125.56,125.52
8/28/2020 11:45,125.63,125.67,125.54,125.67,125.69,125.50,125.58,125.53
8/28/2020 11:50,125.67,125.68,125.55,125.59,125.70,125.50,125.58,125.54
8/28/2020 11:55,125.59,125.59,125.41,125.51,125.71,125.50,125.57,125.53
8/28/2020 12:00,125.51,125.74,125.51,125.61,125.72,125.50,125.58,125.54
8/28/2020 12:05,125.61,125.66,125.51,125.58,125.73,125.51,125.58,125.54
8/28/2020 12:10,125.58,125.63,125.53,125.56,125.73,125.51,125.57,125.55
8/28/2020 12:15,125.56,125.59,125.47,125.51,125.74,125.51,125.56,125.54
8/28/2020 12:20,125.51,125.68,125.45,125.46,125.74,125.50,125.54,125.53
8/28/2020 12:25,125.46,125.54,125.38,125.44,125.75,125.49,125.52,125.53
8/28/2020 12:30,125.44,125.46,125.34,125.41,125.75,125.50,125.50,125.51
8/28/2020 12:35,125.41,125.46,125.25,125.31,125.75,125.49,125.47,125.50
8/28/2020 12:40,125.31,125.41,125.18,125.35,125.76,125.49,125.45,125.48
8/28/2020 12:45,125.34,125.42,125.19,125.22,125.76,125.48,125.40,125.46
8/28/2020 12:50,125.22,125.37,125.20,125.29,125.76,125.48,125.38,125.44
8/28/2020 12:55,125.29,125.30,125.13,125.22,125.76,125.47,125.35,125.42
8/28/2020 13:00,125.22,125.38,125.22,125.36,125.76,125.47,125.35,125.41
8/28/2020 13:05,125.36,125.41,125.28,125.32,125.77,125.46,125.35,125.40
8/28/2020 13:10,125.32,125.36,125.11,125.20,125.77,125.45,125.32,125.38
8/28/2020 13:15,125.20,125.22,124.93,124.94,125.76,125.44,125.25,125.34
8/28/2020 13:20,124.94,125.23,124.93,125.20,125.75,125.44,125.24,125.33
8/28/2020 13:25,125.20,125.29,125.07,125.12,125.75,125.44,125.22,125.31
8/28/2020 13:30,125.12,125.12,124.82,124.83,125.74,125.43,125.15,125.26
8/28/2020 13:35,124.83,124.97,124.58,124.77,125.73,125.42,125.08,125.22
8/28/2020 13:40,124.77,125.03,124.76,125.02,125.73,125.42,125.07,125.20
8/28/2020 13:45,125.02,125.13,124.94,125.02,125.72,125.41,125.06,125.18
8/28/2020 13:50,125.02,125.07,124.83,124.85,125.72,125.39,125.02,125.15
8/28/2020 13:55,124.85,125.23,124.85,125.18,125.72,125.38,125.05,125.15
8/28/2020 14:00,125.17,125.18,124.98,125.03,125.71,125.38,125.05,125.14
8/28/2020 14:05,125.03,125.10,124.96,125.00,125.71,125.38,125.04,125.13
8/28/2020 14:10,125.00,125.35,124.92,125.28,125.71,125.36,125.08,125.14
8/28/2020 14:15,125.28,125.36,125.17,125.20,125.71,125.36,125.10,125.15
8/28/2020 14:20,125.20,125.30,125.10,125.15,125.71,125.35,125.11,125.15
8/28/2020 14:25,125.15,125.17,125.02,125.05,125.70,125.34,125.10,125.14
8/28/2020 14:30,125.05,125.17,125.00,125.04,125.70,125.33,125.09,125.13
8/28/2020 14:35,125.04,125.11,124.94,124.97,125.70,125.31,125.07,125.11
8/28/2020 14:40,124.97,125.10,124.95,125.03,125.70,125.30,125.06,125.11
8/28/2020 14:45,125.03,125.27,125.02,125.21,125.69,125.29,125.09,125.11
8/28/2020 14:50,125.21,125.63,125.21,125.59,125.69,125.29,125.18,125.16
8/28/2020 14:55,125.59,125.68,125.17,125.20,125.69,125.29,125.18,125.16
8/28/2020 15:00,125.20,125.29,125.04,125.20,125.69,125.28,125.19,125.17
8/28/2020 15:05,125.20,125.37,125.13,125.23,125.69,125.28,125.19,125.17
8/28/2020 15:10,125.23,125.43,125.22,125.39,125.69,125.28,125.23,125.19
8/28/2020 15:15,125.39,125.56,125.38,125.53,125.69,125.29,125.28,125.23
8/28/2020 15:20,125.53,125.58,125.41,125.48,125.68,125.29,125.32,125.25
8/28/2020 15:25,125.47,125.49,125.21,125.29,125.68,125.29,125.31,125.25
8/28/2020 15:30,125.29,125.44,125.28,125.38,125.68,125.29,125.33,125.27
8/28/2020 15:35,125.38,125.68,125.33,125.60,125.68,125.29,125.38,125.30
8/28/2020 15:40,125.60,125.74,125.50,125.72,125.67,125.29,125.44,125.34
8/28/2020 15:45,125.72,126.44,125.71,126.09,125.67,125.30,125.56,125.41
8/28/2020 15:50,126.09,126.33,125.71,125.80,125.67,125.30,125.60,125.45
8/28/2020 15:55,125.80,126.44,124.80,124.89,125.67,125.28,125.47,125.39
8/28/2020 16:00,124.89,125.19,124.71,124.80,125.66,125.27,125.35,125.34
8/31/2020 9:35,127.67,128.46,126.61,127.15,125.66,125.30,125.68,125.51
8/31/2020 9:40,127.15,127.62,126.00,126.46,125.66,125.32,125.82,125.60
8/31/2020 9:45,126.47,128.74,126.42,128.29,125.67,125.37,126.27,125.86
8/31/2020 9:50,128.35,128.44,127.44,127.98,125.68,125.42,126.58,126.06
8/31/2020 9:55,127.98,128.35,127.66,127.87,125.68,125.47,126.81,126.23
8/31/2020 10:00,127.87,128.50,127.73,128.04,125.69,125.52,127.04,126.40
8/31/2020 10:05,128.05,128.28,127.60,127.89,125.70,125.57,127.19,126.54
8/31/2020 10:10,127.89,127.89,127.12,127.63,125.71,125.61,127.27,126.65
8/31/2020 10:15,127.63,127.96,127.46,127.95,125.72,125.66,127.39,126.77
8/31/2020 10:20,127.95,128.19,127.80,128.17,125.73,125.72,127.53,126.90
8/31/2020 10:25,128.17,128.50,127.96,128.44,125.74,125.79,127.70,127.05
8/31/2020 10:30,128.43,128.46,127.76,128.23,125.75,125.84,127.80,127.16
8/31/2020 10:35,128.23,128.59,128.00,128.08,125.76,125.90,127.85,127.25
8/31/2020 10:40,128.08,128.75,127.85,128.38,125.77,125.96,127.94,127.36
8/31/2020 10:45,128.37,128.49,128.08,128.17,125.78,126.02,127.98,127.43
8/31/2020 10:50,128.17,128.75,127.91,128.63,125.79,126.09,128.10,127.55
8/31/2020 10:55,128.63,129.19,128.59,129.15,125.81,126.17,128.29,127.70
8/31/2020 11:00,129.15,129.50,129.02,129.06,125.82,126.25,128.43,127.83
8/31/2020 11:05,129.06,129.75,127.92,129.68,125.84,126.34,128.66,128.01
8/31/2020 11:10,129.68,129.86,129.54,129.84,125.86,126.44,128.87,128.18
8/31/2020 11:15,129.84,130.05,129.51,129.52,125.87,126.54,128.99,128.31
8/31/2020 11:20,129.52,129.65,129.03,129.07,125.88,126.62,129.00,128.38
8/31/2020 11:25,129.04,129.09,128.39,128.67,125.90,126.69,128.94,128.41
8/31/2020 11:30,128.67,128.72,128.00,128.54,125.91,126.76,128.87,128.42
8/31/2020 11:35,128.54,128.55,127.70,128.19,125.92,126.82,128.75,128.40
8/31/2020 11:40,128.19,128.78,127.84,128.73,125.93,126.90,128.74,128.43
8/31/2020 11:45,128.73,129.00,128.60,128.88,125.95,126.98,128.77,128.47
8/31/2020 11:50,128.88,129.35,128.88,129.24,125.96,127.05,128.85,128.55
8/31/2020 11:55,129.24,129.52,129.05,129.35,125.98,127.14,128.94,128.62
8/31/2020 12:00,129.35,129.50,128.80,128.95,126.00,127.21,128.94,128.65
8/31/2020 12:05,128.95,129.00,128.53,128.89,126.01,127.29,128.93,128.68
8/31/2020 12:10,128.89,129.19,128.66,129.06,126.03,127.37,128.96,128.71
8/31/2020 12:15,129.06,129.29,128.72,128.81,126.05,127.45,128.93,128.72
8/31/2020 12:20,128.81,129.37,128.80,129.17,126.06,127.53,128.97,128.76
8/31/2020 12:25,129.17,129.29,129.00,129.21,126.08,127.61,129.02,128.81
8/31/2020 12:30,129.21,129.41,128.96,129.33,126.10,127.68,129.07,128.86
8/31/2020 12:35,129.32,129.36,128.96,129.33,126.12,127.77,129.12,128.90
8/31/2020 12:40,129.33,129.50,129.20,129.28,126.13,127.85,129.15,128.94
8/31/2020 12:45,129.28,129.47,129.04,129.22,126.15,127.93,129.16,128.96
8/31/2020 12:50,129.22,129.69,129.16,129.33,126.16,128.01,129.19,129.00
8/31/2020 12:55,129.33,129.43,129.20,129.28,126.18,128.08,129.21,129.03
8/31/2020 13:00,129.28,129.54,129.25,129.46,126.20,128.16,129.25,129.07
8/31/2020 13:05,129.46,129.61,129.40,129.59,126.21,128.25,129.32,129.12
8/31/2020 13:10,129.59,130.37,129.54,130.32,126.23,128.35,129.50,129.23
8/31/2020 13:15,130.32,130.36,130.02,130.34,126.25,128.44,129.65,129.34
8/31/2020 13:20,130.34,130.55,130.25,130.51,126.27,128.54,129.81,129.45
8/31/2020 13:25,130.51,130.85,130.47,130.83,126.28,128.63,129.99,129.58
8/31/2020 13:30,130.83,130.90,130.20,130.26,126.30,128.72,130.04,129.65
8/31/2020 13:35,130.26,130.65,130.26,130.54,126.32,128.84,130.13,129.73
8/31/2020 13:40,130.54,130.65,130.32,130.43,126.34,128.95,130.19,129.80
8/31/2020 13:45,130.43,130.95,130.35,130.88,126.36,129.02,130.31,129.90
8/31/2020 13:50,130.88,131.00,130.75,130.90,126.39,129.11,130.42,130.00
8/31/2020 13:55,130.90,130.90,130.57,130.67,126.41,129.16,130.47,130.06
8/31/2020 14:00,130.67,130.80,130.51,130.69,126.43,129.21,130.51,130.12
8/31/2020 14:05,130.68,130.78,130.50,130.69,126.45,129.27,130.54,130.17
8/31/2020 14:10,130.69,130.78,130.50,130.64,126.47,129.32,130.56,130.22
8/31/2020 14:15,130.64,130.89,130.64,130.80,126.50,129.38,130.60,130.27
8/31/2020 14:20,130.80,130.88,130.72,130.78,126.52,129.44,130.63,130.32
8/31/2020 14:25,130.78,130.85,130.58,130.72,126.54,129.50,130.65,130.36
8/31/2020 14:30,130.72,130.77,130.60,130.63,126.57,129.55,130.64,130.38
8/31/2020 14:35,130.63,130.63,130.00,130.04,126.59,129.58,130.53,130.35
8/31/2020 14:40,130.03,130.12,129.76,129.96,126.60,129.61,130.43,130.31
8/31/2020 14:45,129.96,130.29,129.82,130.26,126.62,129.66,130.40,130.31
8/31/2020 14:50,130.26,130.49,130.22,130.37,126.64,129.70,130.39,130.32
8/31/2020 14:55,130.37,130.69,130.37,130.60,126.67,129.75,130.43,130.34
8/31/2020 15:00,130.60,130.67,130.42,130.52,126.69,129.78,130.45,130.36
8/31/2020 15:05,130.52,130.60,129.89,130.05,126.71,129.80,130.37,130.33
8/31/2020 15:10,130.05,130.15,129.90,130.13,126.73,129.82,130.33,130.31
8/31/2020 15:15,130.13,130.25,130.00,130.21,126.75,129.83,130.31,130.30
8/31/2020 15:20,130.21,130.24,129.61,129.65,126.77,129.83,130.19,130.24
8/31/2020 15:25,129.65,129.76,129.37,129.56,126.78,129.83,130.07,130.17
8/31/2020 15:30,129.56,130.00,129.50,129.99,126.80,129.85,130.06,130.16
8/31/2020 15:35,130.00,130.25,129.98,130.15,126.82,129.88,130.07,130.16
8/31/2020 15:40,130.15,130.25,130.07,130.15,126.84,129.91,130.09,130.15
8/31/2020 15:45,130.15,130.17,129.88,130.06,126.86,129.95,130.08,130.15
8/31/2020 15:50,130.06,130.29,129.96,130.04,126.88,129.97,130.07,130.14
8/31/2020 15:55,130.04,130.24,129.22,129.26,126.90,129.98,129.93,130.05
8/31/2020 16:00,129.26,129.84,128.75,128.85,126.91,129.97,129.73,129.94
9/1/2020 9:35,132.91,132.92,130.81,131.33,126.94,130.01,130.02,130.07
9/1/2020 9:40,131.33,131.35,130.53,130.74,126.97,130.05,130.15,130.13
9/1/2020 9:45,130.74,131.60,130.70,131.24,127.00,130.10,130.35,130.24
9/1/2020 9:50,131.24,131.85,130.94,131.12,127.03,130.14,130.49,130.32
9/1/2020 9:55,131.12,131.41,130.97,131.33,127.06,130.19,130.64,130.42
9/1/2020 10:00,131.33,132.04,131.31,131.64,127.09,130.24,130.82,130.53
9/1/2020 10:05,131.64,132.08,131.42,131.79,127.13,130.29,131.00,130.65
9/1/2020 10:10,131.79,131.89,131.31,131.37,127.16,130.33,131.07,130.72
9/1/2020 10:15,131.37,131.48,130.77,130.92,127.20,130.36,131.04,130.74
9/1/2020 10:20,130.92,131.43,130.85,131.38,127.23,130.40,131.10,130.80
9/1/2020 10:25,131.38,131.90,131.32,131.73,127.27,130.45,131.21,130.89
9/1/2020 10:30,131.73,131.87,131.58,131.81,127.30,130.50,131.32,130.98
9/1/2020 10:35,131.81,132.20,131.78,131.94,127.34,130.56,131.43,131.07
9/1/2020 10:40,131.94,132.06,131.65,131.75,127.37,130.60,131.49,131.13
9/1/2020 10:45,131.75,131.90,131.51,131.68,127.40,130.64,131.53,131.19
9/1/2020 10:50,131.68,131.84,131.58,131.68,127.44,130.67,131.55,131.23
9/1/2020 10:55,131.70,132.00,131.68,131.73,127.47,130.70,131.58,131.28
9/1/2020 11:00,131.73,131.98,131.66,131.77,127.50,130.72,131.62,131.33
9/1/2020 11:05,131.78,132.00,131.75,131.90,127.54,130.75,131.67,131.38
9/1/2020 11:10,131.90,132.35,131.85,132.30,127.58,130.79,131.78,131.47
9/1/2020 11:15,132.30,132.47,132.11,132.47,127.61,130.82,131.91,131.56
9/1/2020 11:20,132.47,132.65,132.35,132.50,127.65,130.87,132.02,131.65
9/1/2020 11:25,132.50,132.55,131.95,132.08,127.68,130.89,132.03,131.69
9/1/2020 11:30,132.08,132.42,131.78,132.37,127.71,130.92,132.09,131.76
9/1/2020 11:35,132.37,132.46,132.01,132.16,127.75,130.95,132.10,131.80
9/1/2020 11:40,132.16,132.34,132.00,132.03,127.78,130.98,132.09,131.82
9/1/2020 11:45,132.05,132.12,131.79,132.02,127.81,131.00,132.08,131.84
9/1/2020 11:50,132.01,132.20,131.81,132.18,127.84,131.03,132.10,131.87
9/1/2020 11:55,132.17,132.30,132.02,132.06,127.88,131.06,132.09,131.89
9/1/2020 12:00,132.06,132.39,132.03,132.31,127.91,131.09,132.13,131.93
9/1/2020 12:05,132.31,132.51,132.25,132.37,127.94,131.12,132.17,131.97
9/1/2020 12:10,132.37,132.60,132.35,132.47,127.98,131.16,132.23,132.02
9/1/2020 12:15,132.47,132.68,132.44,132.62,128.01,131.21,132.30,132.08
9/1/2020 12:20,132.62,132.64,132.41,132.57,128.05,131.26,132.35,132.12
9/1/2020 12:25,132.57,132.61,132.25,132.30,128.08,131.30,132.34,132.14
9/1/2020 12:30,132.30,132.60,132.25,132.53,128.12,131.35,132.37,132.18
9/1/2020 12:35,132.53,133.05,132.51,132.88,128.15,131.39,132.47,132.24
9/1/2020 12:40,132.88,133.05,132.79,132.81,128.19,131.44,132.53,132.30
9/1/2020 12:45,132.81,133.00,132.73,132.80,128.23,131.49,132.58,132.35
9/1/2020 12:50,132.81,133.23,132.80,133.09,128.27,131.55,132.67,132.42
9/1/2020 12:55,133.09,133.57,133.08,133.50,128.31,131.62,132.82,132.52
9/1/2020 13:00,133.50,133.94,133.38,133.71,128.35,131.70,132.98,132.63
9/1/2020 13:05,133.71,133.76,133.23,133.26,128.39,131.77,133.03,132.69
9/1/2020 13:10,133.26,133.55,133.25,133.51,128.43,131.84,133.12,132.77
9/1/2020 13:15,133.51,133.60,133.35,133.44,128.47,131.91,133.18,132.83
9/1/2020 13:20,133.44,133.67,133.39,133.61,128.51,131.98,133.26,132.91
9/1/2020 13:25,133.61,133.70,133.46,133.67,128.55,132.05,133.33,132.98
9/1/2020 13:30,133.67,133.74,133.47,133.58,128.59,132.12,133.38,133.04
9/1/2020 13:35,133.58,133.75,133.57,133.67,128.64,132.21,133.43,133.10
9/1/2020 13:40,133.67,134.06,133.67,134.06,128.68,132.31,133.54,133.19
9/1/2020 13:45,134.06,134.68,134.03,134.63,128.72,132.38,133.74,133.33
9/1/2020 13:50,134.63,134.69,134.30,134.37,128.77,132.45,133.86,133.43
9/1/2020 13:55,134.37,134.66,134.32,134.65,128.81,132.52,134.00,133.54
9/1/2020 14:00,134.66,134.80,134.54,134.67,128.86,132.59,134.12,133.65
9/1/2020 14:05,134.67,134.70,134.04,134.07,128.90,132.65,134.11,133.69
9/1/2020 14:10,134.07,134.33,133.97,134.02,128.94,132.70,134.10,133.72
9/1/2020 14:15,134.02,134.32,133.96,134.29,128.98,132.75,134.13,133.78
9/1/2020 14:20,134.29,134.55,134.15,134.54,129.03,132.81,134.21,133.85
9/1/2020 14:25,134.55,134.55,134.34,134.52,129.07,132.88,134.26,133.91
9/1/2020 14:30,134.52,134.60,134.30,134.58,129.12,132.94,134.32,133.98
9/1/2020 14:35,134.58,134.68,134.53,134.55,129.17,133.00,134.36,134.03
9/1/2020 14:40,134.55,134.58,134.18,134.23,129.21,133.05,134.34,134.05
9/1/2020 14:45,134.23,134.44,134.16,134.20,129.26,133.09,134.31,134.06
9/1/2020 14:50,134.20,134.20,133.70,134.12,129.30,133.14,134.28,134.07
9/1/2020 14:55,134.13,134.14,133.67,134.10,129.34,133.19,134.25,134.07
9/1/2020 15:00,134.09,134.17,133.80,133.97,129.39,133.24,134.20,134.06
9/1/2020 15:05,133.97,134.10,133.90,134.04,129.43,133.28,134.17,134.06
9/1/2020 15:10,134.04,134.38,134.00,134.31,129.47,133.33,134.19,134.08
9/1/2020 15:15,134.31,134.36,134.10,134.13,129.51,133.38,134.18,134.09
9/1/2020 15:20,134.13,134.31,134.07,134.24,129.56,133.42,134.19,134.10
9/1/2020 15:25,134.24,134.35,134.17,134.35,129.60,133.45,134.22,134.13
9/1/2020 15:30,134.34,134.35,133.78,133.83,129.64,133.48,134.15,134.10
9/1/2020 15:35,133.83,134.06,133.74,133.77,129.68,133.51,134.08,134.07
9/1/2020 15:40,133.77,133.87,133.55,133.79,129.72,133.54,134.03,134.04
9/1/2020 15:45,133.79,134.24,133.71,134.14,129.77,133.58,134.05,134.05
9/1/2020 15:50,134.14,134.17,133.70,133.79,129.81,133.62,134.00,134.02
9/1/2020 15:55,133.79,133.97,133.55,133.72,129.85,133.65,133.95,134.00
9/1/2020 16:00,133.72,134.54,133.70,134.20,129.89,133.69,133.99,134.01
9/2/2020 9:35,137.58,137.98,133.50,135.26,129.94,133.76,134.22,134.13
9/2/2020 9:40,135.28,135.31,133.73,133.76,129.98,133.79,134.14,134.10
9/2/2020 9:45,133.78,134.88,132.83,134.88,130.03,133.84,134.27,134.17
9/2/2020 9:50,134.86,135.06,133.80,134.05,130.07,133.87,134.23,134.16
9/2/2020 9:55,134.05,134.20,132.02,132.66,130.11,133.87,133.95,134.02
9/2/2020 10:00,132.66,132.73,127.00,128.37,130.13,133.78,132.93,133.48
9/2/2020 10:05,128.37,131.95,128.25,131.93,130.16,133.78,132.75,133.33
9/2/2020 10:10,131.93,131.93,129.40,130.52,130.19,133.74,132.35,133.06
9/2/2020 10:15,130.52,131.26,129.90,131.24,130.22,133.70,132.14,132.89
9/2/2020 10:20,131.24,131.75,130.77,131.62,130.25,133.68,132.05,132.77
9/2/2020 10:25,131.62,132.39,131.36,131.87,130.28,133.66,132.02,132.68
9/2/2020 10:30,131.88,132.28,131.26,132.24,130.32,133.64,132.06,132.64
9/2/2020 10:35,132.24,132.60,131.86,132.41,130.35,133.62,132.12,132.62
9/2/2020 10:40,132.41,132.42,131.37,131.42,130.39,133.58,131.99,132.51
9/2/2020 10:45,131.42,131.52,130.76,131.12,130.42,133.53,131.84,132.37
9/2/2020 10:50,131.12,131.50,130.65,131.36,130.45,133.49,131.75,132.28
9/2/2020 10:55,131.36,131.61,131.01,131.10,130.48,133.44,131.63,132.17
9/2/2020 11:00,131.10,131.18,130.68,130.86,130.51,133.39,131.49,132.04
9/2/2020 11:05,130.87,131.27,130.55,131.06,130.54,133.34,131.41,131.95
9/2/2020 11:10,131.06,131.07,130.01,130.20,130.57,133.27,131.19,131.78
9/2/2020 11:15,130.20,130.73,129.85,130.54,130.59,133.21,131.07,131.66
9/2/2020 11:20,130.54,130.57,129.41,129.96,130.62,133.12,130.87,131.50
9/2/2020 11:25,129.96,130.10,129.26,129.28,130.64,133.02,130.58,131.29
9/2/2020 11:30,129.28,129.77,129.12,129.60,130.66,132.92,130.40,131.13
9/2/2020 11:35,129.60,130.10,129.47,129.61,130.68,132.82,130.26,130.98
9/2/2020 11:40,129.61,129.66,127.10,127.12,130.69,132.67,129.69,130.62
9/2/2020 11:45,127.12,128.90,127.12,128.75,130.71,132.56,129.52,130.44
9/2/2020 11:50,128.75,129.16,128.50,129.04,130.73,132.46,129.43,130.30
9/2/2020 11:55,129.04,129.40,128.76,128.91,130.75,132.36,129.33,130.17
9/2/2020 12:00,128.91,129.86,128.80,129.72,130.77,132.26,129.41,130.13
9/2/2020 12:05,129.72,130.28,129.41,130.08,130.80,132.17,129.53,130.12
9/2/2020 12:10,130.08,130.48,129.88,130.30,130.82,132.09,129.67,130.14
9/2/2020 12:15,130.30,130.58,130.16,130.41,130.85,132.00,129.80,130.17
9/2/2020 12:20,130.41,131.08,130.41,131.04,130.88,131.94,130.03,130.25
9/2/2020 12:25,131.04,131.28,130.68,131.10,130.90,131.88,130.22,130.33
9/2/2020 12:30,131.10,131.23,130.61,130.97,130.93,131.81,130.36,130.39
9/2/2020 12:35,130.97,131.20,130.74,130.93,130.96,131.75,130.46,130.44
9/2/2020 12:40,130.93,131.00,130.51,130.55,130.98,131.68,130.48,130.45
9/2/2020 12:45,130.55,130.70,130.15,130.36,131.01,131.61,130.46,130.44
9/2/2020 12:50,130.36,130.40,129.90,130.14,131.03,131.53,130.40,130.41
9/2/2020 12:55,130.13,130.38,129.93,130.32,131.05,131.45,130.38,130.41
9/2/2020 13:00,130.32,130.65,130.17,130.45,131.07,131.37,130.40,130.41
9/2/2020 13:05,130.47,130.47,129.70,129.78,131.10,131.28,130.28,130.35
9/2/2020 13:10,129.78,130.23,129.70,130.04,131.13,131.21,130.24,130.32
9/2/2020 13:15,130.05,130.80,130.05,130.74,131.14,131.15,130.33,130.36
9/2/2020 13:20,130.74,130.96,130.58,130.72,131.16,131.08,130.40,130.39
9/2/2020 13:25,130.72,130.91,130.37,130.89,131.18,131.02,130.49,130.44
9/2/2020 13:30,130.89,131.40,130.80,131.28,131.19,130.97,130.63,130.52
9/2/2020 13:35,131.28,131.63,131.06,131.50,131.21,130.92,130.79,130.61
9/2/2020 13:40,131.51,131.66,131.18,131.47,131.23,130.87,130.91,130.70
9/2/2020 13:45,131.47,131.47,130.81,131.25,131.25,130.79,130.97,130.75
9/2/2020 13:50,131.25,131.45,130.80,130.89,131.26,130.73,130.96,130.76
9/2/2020 13:55,130.89,131.07,130.75,131.06,131.28,130.66,130.98,130.79
9/2/2020 14:00,131.06,131.29,130.90,131.02,131.29,130.60,130.99,130.81
9/2/2020 14:05,131.02,131.03,130.51,130.98,131.30,130.56,130.98,130.83
9/2/2020 14:10,130.98,131.15,130.85,131.12,131.32,130.62,131.01,130.86
9/2/2020 14:15,131.12,131.18,130.66,130.90,131.33,130.60,130.99,130.86
9/2/2020 14:20,130.90,131.10,130.81,130.98,131.35,130.61,130.99,130.87
9/2/2020 14:25,130.98,131.08,130.83,131.05,131.36,130.60,131.00,130.89
9/2/2020 14:30,131.05,131.17,130.88,131.03,131.37,130.59,131.00,130.90
9/2/2020 14:35,131.03,131.37,131.00,131.31,131.38,130.58,131.06,130.94
9/2/2020 14:40,131.31,131.32,131.00,131.06,131.39,130.56,131.06,130.95
9/2/2020 14:45,131.08,131.10,130.88,131.02,131.40,130.53,131.05,130.96
9/2/2020 14:50,131.02,131.11,130.92,131.10,131.41,130.52,131.06,130.97
9/2/2020 14:55,131.10,131.25,130.70,130.70,131.41,130.51,131.00,130.95
9/2/2020 15:00,130.72,130.79,130.30,130.37,131.42,130.49,130.88,130.89
9/2/2020 15:05,130.38,130.90,130.37,130.83,131.43,130.49,130.87,130.89
9/2/2020 15:10,130.83,130.83,130.53,130.69,131.44,130.48,130.84,130.87
9/2/2020 15:15,130.69,130.96,130.62,130.95,131.45,130.48,130.86,130.87
9/2/2020 15:20,130.95,131.01,130.70,130.99,131.47,130.50,130.88,130.89
9/2/2020 15:25,130.99,131.10,130.90,131.07,131.48,130.51,130.92,130.90
9/2/2020 15:30,131.07,131.09,130.64,130.72,131.48,130.52,130.88,130.89
9/2/2020 15:35,130.72,130.94,130.57,130.82,131.49,130.55,130.87,130.88
9/2/2020 15:40,130.82,131.00,130.73,130.89,131.50,130.58,130.87,130.88
9/2/2020 15:45,130.89,131.52,130.88,131.48,131.51,130.62,130.98,130.94
9/2/2020 15:50,131.47,131.73,131.25,131.73,131.53,130.71,131.12,131.01
9/2/2020 15:55,131.73,131.80,131.11,131.79,131.54,130.77,131.24,131.09
9/2/2020 16:00,131.78,131.80,131.18,131.22,131.55,130.81,131.24,131.10
9/3/2020 9:35,126.97,128.75,126.27,127.70,131.55,130.79,130.59,130.78
9/3/2020 9:40,127.70,128.84,127.42,128.25,131.54,130.76,130.17,130.54
9/3/2020 9:45,128.25,128.27,127.17,127.74,131.53,130.71,129.73,130.27
9/3/2020 9:50,127.74,128.14,127.28,127.56,131.52,130.66,129.33,130.01
9/3/2020 9:55,127.56,127.94,126.71,126.74,131.51,130.59,128.86,129.70
9/3/2020 10:00,126.74,127.60,126.70,127.35,131.50,130.51,128.59,129.48
9/3/2020 10:05,127.32,127.79,127.20,127.43,131.49,130.44,128.38,129.28
9/3/2020 10:10,127.43,127.74,127.04,127.16,131.48,130.36,128.15,129.08
9/3/2020 10:15,127.16,127.48,126.76,127.27,131.47,130.29,127.99,128.91
9/3/2020 10:20,127.25,127.30,125.75,126.05,131.45,130.20,127.64,128.63
9/3/2020 10:25,126.05,126.25,125.24,125.62,131.42,130.10,127.27,128.35
9/3/2020 10:30,125.62,126.43,125.61,126.14,131.40,130.02,127.07,128.14
9/3/2020 10:35,126.14,126.57,125.30,125.93,131.38,129.94,126.86,127.93
9/3/2020 10:40,125.93,126.34,125.10,125.38,131.35,129.83,126.59,127.68
9/3/2020 10:45,125.38,125.70,124.60,125.05,131.33,129.74,126.31,127.43
9/3/2020 10:50,125.05,125.09,123.22,123.35,131.29,129.61,125.77,127.04
9/3/2020 10:55,123.35,125.04,123.35,124.95,131.26,129.49,125.62,126.85
9/3/2020 11:00,124.95,125.10,124.20,124.98,131.23,129.38,125.51,126.67
9/3/2020 11:05,124.98,125.09,123.90,123.98,131.20,129.24,125.23,126.41
9/3/2020 11:10,123.98,124.29,123.60,123.91,131.16,129.09,124.99,126.17
9/3/2020 11:15,123.91,124.32,123.54,123.89,131.13,128.94,124.79,125.96
9/3/2020 11:20,123.89,123.96,121.48,121.68,131.08,128.74,124.22,125.55
9/3/2020 11:25,121.68,122.66,120.72,121.96,131.04,128.56,123.81,125.21
9/3/2020 11:30,121.96,123.35,121.91,123.29,131.00,128.40,123.72,125.03
9/3/2020 11:35,123.29,123.84,122.92,123.62,130.97,128.26,123.70,124.89
9/3/2020 11:40,123.62,124.30,122.94,124.23,130.94,128.12,123.80,124.83
9/3/2020 11:45,124.21,124.84,124.18,124.43,130.91,127.99,123.91,124.79
9/3/2020 11:50,124.43,124.93,124.17,124.25,130.88,127.85,123.97,124.74
9/3/2020 11:55,124.25,125.17,124.25,125.16,130.85,127.74,124.19,124.78
9/3/2020 12:00,125.16,125.16,123.92,124.10,130.82,127.60,124.17,124.71
9/3/2020 12:05,124.10,124.41,123.36,123.73,130.79,127.45,124.09,124.62
9/3/2020 12:10,123.73,124.25,123.42,124.17,130.76,127.32,124.11,124.58
9/3/2020 12:15,124.17,124.39,123.95,124.17,130.73,127.17,124.12,124.54
9/3/2020 12:20,124.14,124.35,123.55,123.83,130.70,127.03,124.07,124.47
9/3/2020 12:25,123.83,123.88,123.23,123.24,130.66,126.87,123.92,124.35
9/3/2020 12:30,123.24,123.61,123.15,123.40,130.63,126.72,123.82,124.26
9/3/2020 12:35,123.39,123.48,122.24,122.30,130.59,126.55,123.55,124.08
9/3/2020 12:40,122.33,122.99,122.22,122.88,130.56,126.40,123.43,123.96
9/3/2020 12:45,122.88,123.01,122.30,122.42,130.52,126.23,123.24,123.82
9/3/2020 12:50,122.41,122.91,122.08,122.13,130.48,126.06,123.04,123.66
9/3/2020 12:55,122.13,122.63,122.09,122.51,130.44,125.89,122.94,123.55
9/3/2020 13:00,122.51,123.10,122.28,122.70,130.40,125.73,122.90,123.47
9/3/2020 13:05,122.70,122.94,121.81,122.15,130.37,125.55,122.76,123.34
9/3/2020 13:10,122.15,123.00,122.11,122.79,130.34,125.39,122.77,123.29
9/3/2020 13:15,122.79,123.62,122.69,123.46,130.30,125.24,122.89,123.30
9/3/2020 13:20,123.47,123.47,122.63,122.89,130.26,125.08,122.89,123.26
9/3/2020 13:25,122.89,123.37,122.61,123.14,130.22,124.92,122.94,123.25
9/3/2020 13:30,123.14,123.84,123.00,123.78,130.18,124.76,123.09,123.30
9/3/2020 13:35,123.78,123.78,122.75,122.76,130.14,124.58,123.03,123.25
9/3/2020 13:40,122.76,123.06,122.49,122.53,130.09,124.40,122.94,123.18
9/3/2020 13:45,122.53,123.01,122.19,122.28,130.05,124.29,122.82,123.10
9/3/2020 13:50,122.28,122.56,122.07,122.11,130.00,124.17,122.69,123.00
9/3/2020 13:55,122.11,122.93,122.11,122.89,129.96,124.07,122.73,122.99
9/3/2020 14:00,122.89,123.00,122.60,122.76,129.92,123.98,122.73,122.97
9/3/2020 14:05,122.76,123.24,122.54,122.96,129.87,123.90,122.77,122.97
9/3/2020 14:10,122.96,123.28,122.75,123.14,129.83,123.82,122.84,122.99
9/3/2020 14:15,123.15,123.40,122.67,122.87,129.78,123.73,122.85,122.97
9/3/2020 14:20,122.87,122.92,122.50,122.64,129.74,123.64,122.81,122.94
9/3/2020 14:25,122.66,122.78,122.40,122.52,129.69,123.54,122.76,122.90
9/3/2020 14:30,122.52,122.94,122.25,122.78,129.65,123.48,122.76,122.89
9/3/2020 14:35,122.77,123.38,122.68,122.96,129.60,123.42,122.80,122.90
9/3/2020 14:40,122.96,123.38,122.86,123.02,129.56,123.36,122.84,122.91
9/3/2020 14:45,123.02,123.27,122.72,122.88,129.52,123.30,122.85,122.91
9/3/2020 14:50,122.90,123.00,122.50,122.64,129.47,123.25,122.81,122.88
9/3/2020 14:55,122.64,122.79,122.27,122.65,129.42,123.20,122.78,122.86
9/3/2020 15:00,122.65,122.65,121.77,121.77,129.36,123.17,122.60,122.76
9/3/2020 15:05,121.77,122.29,121.21,121.31,129.31,123.09,122.36,122.62
9/3/2020 15:10,121.31,121.90,121.12,121.15,129.25,123.02,122.14,122.48
9/3/2020 15:15,121.15,121.75,121.06,121.73,129.20,122.97,122.07,122.41
9/3/2020 15:20,121.73,121.86,121.29,121.31,129.15,122.92,121.93,122.30
9/3/2020 15:25,121.31,121.50,120.90,121.17,129.09,122.87,121.79,122.19
9/3/2020 15:30,121.17,121.44,120.80,120.85,129.04,122.85,121.62,122.07
9/3/2020 15:35,120.85,121.24,120.51,120.52,128.98,122.82,121.42,121.92
9/3/2020 15:40,120.53,121.41,120.52,121.08,128.92,122.78,121.36,121.84
9/3/2020 15:45,121.08,121.70,120.77,121.41,128.87,122.73,121.37,121.80
9/3/2020 15:50,121.41,121.59,120.58,120.83,128.81,122.66,121.27,121.71
9/3/2020 15:55,120.81,121.51,120.50,120.87,128.75,122.59,121.20,121.63
9/3/2020 16:00,120.87,121.34,120.72,120.92,128.69,122.53,121.15,121.56
9/4/2020 9:35,120.00,122.99,118.38,121.82,128.64,122.46,121.27,121.58
9/4/2020 9:40,121.86,123.70,121.75,122.46,128.59,122.43,121.49,121.67
9/4/2020 9:45,122.46,122.91,119.37,119.88,128.53,122.35,121.19,121.50
9/4/2020 9:50,119.88,120.18,118.54,118.90,128.46,122.24,120.78,121.25
9/4/2020 9:55,118.90,119.70,115.28,115.46,128.37,122.07,119.81,120.70
9/4/2020 10:00,115.46,116.93,113.68,116.44,128.29,121.92,119.20,120.29
9/4/2020 10:05,116.44,118.10,115.63,117.47,128.21,121.81,118.88,120.02
9/4/2020 10:10,117.47,117.50,116.33,116.74,128.12,121.67,118.49,119.71
9/4/2020 10:15,116.74,117.15,115.21,115.44,128.03,121.54,117.94,119.30
9/4/2020 10:20,115.44,116.23,114.49,114.60,127.94,121.37,117.33,118.86
9/4/2020 10:25,114.60,115.67,114.00,114.25,127.84,121.21,116.77,118.42
9/4/2020 10:30,114.25,115.15,113.63,113.86,127.74,121.04,116.24,117.98
9/4/2020 10:35,113.89,114.48,113.30,113.46,127.64,120.86,115.74,117.55
9/4/2020 10:40,113.46,114.13,111.75,113.15,127.54,120.67,115.27,117.13
9/4/2020 10:45,113.13,113.17,110.89,111.19,127.43,120.45,114.52,116.57
9/4/2020 10:50,111.19,113.23,111.00,112.92,127.32,120.25,114.23,116.22
9/4/2020 10:55,112.94,113.59,112.26,113.57,127.22,120.05,114.11,115.97
9/4/2020 11:00,113.57,115.45,113.40,115.23,127.12,119.90,114.31,115.90
9/4/2020 11:05,115.23,115.35,113.60,114.60,127.02,119.73,114.37,115.77
9/4/2020 11:10,114.60,114.84,113.95,114.02,126.92,119.54,114.30,115.61
9/4/2020 11:15,114.02,115.64,113.98,115.62,126.83,119.39,114.54,115.61
9/4/2020 11:20,115.62,115.78,114.60,115.36,126.73,119.25,114.69,115.58
9/4/2020 11:25,115.36,115.62,114.60,114.62,126.63,119.10,114.68,115.49
9/4/2020 11:30,114.62,114.71,113.35,114.27,126.53,118.94,114.60,115.38
9/4/2020 11:35,114.26,115.38,114.05,115.37,126.44,118.79,114.74,115.38
9/4/2020 11:40,115.37,116.50,115.05,116.45,126.35,118.66,115.05,115.48
9/4/2020 11:45,116.45,116.46,115.02,115.15,126.25,118.51,115.07,115.45
9/4/2020 11:50,115.14,116.39,115.14,116.32,126.16,118.37,115.30,115.53
9/4/2020 11:55,116.32,117.86,116.05,117.65,126.08,118.27,115.73,115.73
9/4/2020 12:00,117.65,118.50,117.26,118.50,126.00,118.18,116.23,116.00
9/4/2020 12:05,118.48,119.30,118.44,118.91,125.92,118.11,116.72,116.27
9/4/2020 12:10,118.91,119.16,117.50,117.72,125.84,118.01,116.90,116.41
9/4/2020 12:15,117.72,118.50,117.40,118.36,125.76,117.92,117.17,116.60
9/4/2020 12:20,118.34,118.75,117.58,117.83,125.68,117.81,117.29,116.71
9/4/2020 12:25,117.83,118.84,117.80,118.80,125.60,117.73,117.56,116.91
9/4/2020 12:30,118.80,120.42,118.67,120.15,125.53,117.68,118.03,117.22
9/4/2020 12:35,120.15,120.18,119.27,119.96,125.46,117.63,118.38,117.48
9/4/2020 12:40,119.96,120.68,119.40,119.56,125.39,117.58,118.60,117.68
9/4/2020 12:45,119.56,120.10,119.05,119.26,125.32,117.54,118.72,117.83
9/4/2020 12:50,119.26,119.62,118.69,118.87,125.24,117.50,118.74,117.93
9/4/2020 12:55,118.87,118.99,117.58,118.39,125.16,117.43,118.68,117.97
9/4/2020 13:00,118.39,119.04,117.97,118.89,125.09,117.38,118.72,118.06
9/4/2020 13:05,118.89,118.94,117.71,117.78,125.01,117.31,118.55,118.03
9/4/2020 13:10,117.78,118.32,117.36,118.17,124.93,117.26,118.48,118.05
9/4/2020 13:15,118.17,118.20,117.58,117.94,124.84,117.21,118.38,118.04
9/4/2020 13:20,117.94,117.94,116.33,116.42,124.76,117.12,118.02,117.88
9/4/2020 13:25,116.42,117.48,116.37,117.34,124.67,117.03,117.90,117.83
9/4/2020 13:30,117.34,117.94,117.06,117.48,124.59,116.97,117.82,117.80
9/4/2020 13:35,117.48,117.49,116.76,117.01,124.51,116.89,117.68,117.72
9/4/2020 13:40,117.01,117.99,116.57,117.69,124.45,116.83,117.68,117.72
9/4/2020 13:45,117.69,117.86,117.24,117.73,124.38,116.74,117.69,117.72
9/4/2020 13:50,117.73,118.15,117.64,117.72,124.32,116.65,117.69,117.72
9/4/2020 13:55,117.72,118.04,117.33,118.03,124.25,116.61,117.75,117.75
9/4/2020 14:00,118.03,118.64,117.80,118.57,124.19,116.61,117.90,117.83
9/4/2020 14:05,118.57,118.78,118.28,118.50,124.12,116.67,118.01,117.89
9/4/2020 14:10,118.48,118.90,118.08,118.66,124.05,116.71,118.13,117.96
9/4/2020 14:15,118.66,118.76,118.31,118.34,123.98,116.73,118.17,118.00
9/4/2020 14:20,118.34,119.19,118.32,118.87,123.92,116.77,118.29,118.08
9/4/2020 14:25,118.87,119.19,118.68,119.01,123.86,116.84,118.42,118.17
9/4/2020 14:30,119.01,119.68,119.00,119.46,123.80,116.94,118.61,118.29
9/4/2020 14:35,119.46,119.56,118.81,119.24,123.74,117.04,118.73,118.38
9/4/2020 14:40,119.24,120.42,119.24,120.21,123.69,117.17,119.00,118.56
9/4/2020 14:45,120.21,120.74,120.12,120.15,123.63,117.30,119.21,118.71
9/4/2020 14:50,120.15,121.00,120.10,120.41,123.58,117.44,119.43,118.87
9/4/2020 14:55,120.41,120.81,120.20,120.71,123.54,117.64,119.66,119.05
9/4/2020 15:00,120.71,121.68,120.69,121.51,123.49,117.81,120.00,119.28
9/4/2020 15:05,121.51,121.66,120.89,121.61,123.45,117.97,120.29,119.50
9/4/2020 15:10,121.61,121.98,121.29,121.95,123.42,118.10,120.59,119.74
9/4/2020 15:15,121.95,121.97,120.69,120.94,123.37,118.23,120.65,119.85
9/4/2020 15:20,120.92,121.82,120.85,121.55,123.35,118.38,120.82,120.01
9/4/2020 15:25,121.55,122.50,121.53,122.45,123.31,118.52,121.11,120.24
9/4/2020 15:30,122.45,122.70,122.00,122.42,123.28,118.66,121.35,120.45
9/4/2020 15:35,122.42,122.50,121.67,122.19,123.25,118.81,121.50,120.62
9/4/2020 15:40,122.19,122.34,121.06,121.56,123.21,118.95,121.51,120.71
9/4/2020 15:45,121.56,121.90,121.10,121.17,123.16,119.07,121.45,120.75
9/4/2020 15:50,121.17,121.77,120.43,121.09,123.12,119.16,121.39,120.78
9/4/2020 15:55,121.04,122.00,120.70,121.73,123.07,119.30,121.45,120.87
9/4/2020 16:00,121.76,121.87,120.87,120.90,123.02,119.39,121.35,120.88
9/8/2020 9:35,113.74,116.12,113.25,115.52,122.94,119.34,120.29,120.37
9/8/2020 9:40,115.52,116.79,115.07,116.10,122.87,119.30,119.53,119.96
9/8/2020 9:45,116.10,116.10,114.05,115.37,122.79,119.23,118.77,119.52
9/8/2020 9:50,115.37,116.44,114.80,115.16,122.71,119.17,118.11,119.11
9/8/2020 9:55,115.16,116.38,114.81,115.83,122.64,119.12,117.70,118.79
9/8/2020 10:00,115.83,117.30,115.70,117.28,122.58,119.11,117.62,118.65
9/8/2020 10:05,117.26,117.34,116.19,116.56,122.51,119.07,117.43,118.45
9/8/2020 10:10,116.56,117.60,116.27,117.25,122.44,119.01,117.40,118.34
9/8/2020 10:15,117.25,118.42,117.10,118.42,122.39,118.98,117.58,118.34
9/8/2020 10:20,118.42,118.99,117.81,117.89,122.33,118.95,117.64,118.30
9/8/2020 10:25,117.89,118.32,117.12,118.14,122.26,118.92,117.73,118.29
9/8/2020 10:30,118.15,118.79,117.86,118.06,122.20,118.91,117.79,118.26
9/8/2020 10:35,118.06,118.47,117.16,117.57,122.13,118.89,117.75,118.20
9/8/2020 10:40,117.57,117.65,116.64,117.24,122.06,118.86,117.66,118.11
9/8/2020 10:45,117.24,117.34,116.22,117.06,121.99,118.84,117.55,118.01
9/8/2020 10:50,117.07,117.08,116.27,116.30,121.91,118.81,117.32,117.85
9/8/2020 10:55,116.30,117.08,116.12,116.62,121.84,118.78,117.19,117.73
9/8/2020 11:00,116.62,117.22,116.30,116.74,121.77,118.79,117.11,117.63
9/8/2020 11:05,116.74,116.79,115.80,116.06,121.70,118.76,116.92,117.48
9/8/2020 11:10,116.06,116.53,115.64,116.23,121.62,118.74,116.80,117.37
9/8/2020 11:15,116.23,117.13,116.19,116.69,121.55,118.73,116.78,117.30
9/8/2020 11:20,116.69,118.05,116.57,117.84,121.48,118.73,116.97,117.35
9/8/2020 11:25,117.84,117.97,116.71,116.85,121.41,118.71,116.95,117.30
9/8/2020 11:30,116.85,117.41,116.53,117.28,121.34,118.71,117.01,117.30
9/8/2020 11:35,117.28,117.56,116.16,116.50,121.27,118.68,116.91,117.22
9/8/2020 11:40,116.50,116.59,116.05,116.18,121.20,118.63,116.78,117.13
9/8/2020 11:45,116.18,116.20,115.69,116.09,121.12,118.58,116.66,117.03
9/8/2020 11:50,116.10,116.22,115.55,116.08,121.05,118.53,116.55,116.94
9/8/2020 11:55,116.08,116.15,115.50,115.79,120.97,118.48,116.41,116.83
9/8/2020 12:00,115.78,116.43,115.61,116.28,120.90,118.42,116.39,116.78
9/8/2020 12:05,116.28,116.49,115.80,116.27,120.82,118.37,116.37,116.73
9/8/2020 12:10,116.27,116.50,116.00,116.38,120.75,118.31,116.37,116.69
9/8/2020 12:15,116.38,116.61,115.80,115.85,120.68,118.24,116.27,116.61
9/8/2020 12:20,115.85,116.30,115.70,116.06,120.61,118.16,116.23,116.56
9/8/2020 12:25,116.06,116.69,115.76,116.36,120.53,118.08,116.26,116.54
9/8/2020 12:30,116.36,116.51,115.85,115.98,120.46,117.99,116.21,116.49
9/8/2020 12:35,115.98,116.33,115.91,116.05,120.38,117.90,116.18,116.45
9/8/2020 12:40,116.05,116.65,115.96,116.35,120.31,117.80,116.21,116.44
9/8/2020 12:45,116.36,116.75,116.18,116.70,120.24,117.70,116.30,116.46
9/8/2020 12:50,116.69,117.21,116.58,116.87,120.17,117.60,116.40,116.50
9/8/2020 12:55,116.88,117.15,116.44,116.86,120.10,117.52,116.48,116.53
9/8/2020 13:00,116.86,117.02,116.65,116.92,120.02,117.42,116.56,116.57
9/8/2020 13:05,116.92,117.06,116.42,116.45,119.95,117.30,116.54,116.56
9/8/2020 13:10,116.45,116.55,115.95,115.99,119.87,117.17,116.44,116.51
9/8/2020 13:15,115.99,116.57,115.88,116.54,119.82,117.06,116.46,116.51
9/8/2020 13:20,116.54,116.78,116.40,116.56,119.76,116.96,116.48,116.51
9/8/2020 13:25,116.56,116.58,116.12,116.41,119.70,116.87,116.47,116.50
9/8/2020 13:30,116.41,116.43,116.00,116.10,119.64,116.77,116.40,116.47
9/8/2020 13:35,116.10,116.32,115.89,116.20,119.59,116.66,116.36,116.44
9/8/2020 13:40,116.20,116.50,115.96,116.14,119.53,116.56,116.32,116.41
9/8/2020 13:45,116.14,116.42,115.94,116.16,119.48,116.57,116.29,116.39
9/8/2020 13:50,116.15,116.23,115.89,116.02,119.42,116.57,116.24,116.35
9/8/2020 13:55,116.02,116.30,115.80,116.14,119.37,116.59,116.22,116.33
9/8/2020 14:00,116.11,116.14,115.64,115.79,119.31,116.60,116.14,116.28
9/8/2020 14:05,115.77,116.03,115.52,115.53,119.26,116.59,116.03,116.21
9/8/2020 14:10,115.53,115.91,115.50,115.79,119.21,116.56,115.99,116.17
9/8/2020 14:15,115.79,115.96,115.40,115.52,119.16,116.54,115.90,116.11
9/8/2020 14:20,115.52,115.64,115.01,115.07,119.11,116.50,115.75,116.01
9/8/2020 14:25,115.07,115.37,115.00,115.07,119.06,116.43,115.63,115.92
9/8/2020 14:30,115.07,115.30,115.00,115.08,119.02,116.38,115.53,115.84
9/8/2020 14:35,115.09,115.25,114.91,115.19,118.97,116.32,115.47,115.78
9/8/2020 14:40,115.18,115.25,114.55,114.68,118.92,116.25,115.32,115.67
9/8/2020 14:45,114.68,114.74,114.11,114.16,118.87,116.18,115.11,115.53
9/8/2020 14:50,114.16,114.42,113.94,114.18,118.82,116.12,114.94,115.40
9/8/2020 14:55,114.18,114.49,113.52,113.76,118.77,116.05,114.73,115.24
9/8/2020 15:00,113.76,114.75,113.47,114.49,118.73,116.02,114.68,115.17
9/8/2020 15:05,114.49,114.51,113.59,113.64,118.69,115.96,114.49,115.03
9/8/2020 15:10,113.64,113.89,113.50,113.65,118.64,115.90,114.34,114.89
9/8/2020 15:15,113.65,114.00,113.60,113.84,118.59,115.85,114.25,114.79
9/8/2020 15:20,113.84,114.13,113.54,113.63,118.54,115.80,114.14,114.68
9/8/2020 15:25,113.63,114.20,113.61,113.80,118.49,115.74,114.08,114.60
9/8/2020 15:30,113.81,114.41,113.73,114.26,118.44,115.67,114.11,114.57
9/8/2020 15:35,114.26,114.48,113.75,113.77,118.38,115.61,114.05,114.49
9/8/2020 15:40,113.77,114.12,113.72,113.81,118.33,115.54,114.00,114.43
9/8/2020 15:45,113.81,114.00,113.63,113.67,118.28,115.48,113.94,114.35
9/8/2020 15:50,113.65,113.72,113.12,113.40,118.23,115.43,113.84,114.26
9/8/2020 15:55,113.40,113.58,113.10,113.14,118.17,115.37,113.72,114.16
9/8/2020 16:00,113.15,113.35,112.68,112.83,118.12,115.30,113.56,114.03
9/9/2020 9:35,117.30,118.00,116.01,116.88,118.08,115.32,114.16,114.30
9/9/2020 9:40,116.88,116.96,115.26,115.59,118.04,115.31,114.42,114.42
9/9/2020 9:45,115.59,116.65,115.52,116.41,118.02,115.31,114.78,114.61
9/9/2020 9:50,116.41,116.63,115.64,115.93,117.98,115.30,114.99,114.74
9/9/2020 9:55,115.90,116.29,115.32,116.09,117.95,115.31,115.19,114.87
9/9/2020 10:00,116.09,116.49,115.80,116.39,117.92,115.32,115.41,115.01
9/9/2020 10:05,116.39,117.26,116.24,116.88,117.89,115.33,115.68,115.19
9/9/2020 10:10,116.88,116.99,116.08,116.26,117.86,115.33,115.78,115.29
9/9/2020 10:15,116.26,116.59,115.81,116.48,117.83,115.34,115.91,115.41
9/9/2020 10:20,116.49,116.88,116.23,116.29,117.80,115.34,115.98,115.49
9/9/2020 10:25,116.29,116.66,116.19,116.46,117.76,115.34,116.07,115.58
9/9/2020 10:30,116.46,117.70,116.44,117.62,117.74,115.35,116.35,115.78
9/9/2020 10:35,117.62,117.80,117.05,117.08,117.71,115.35,116.48,115.90
9/9/2020 10:40,117.09,117.91,116.92,117.82,117.68,115.37,116.72,116.08
9/9/2020 10:45,117.82,118.09,117.33,117.56,117.65,115.39,116.88,116.22
9/9/2020 10:50,117.56,118.18,117.53,117.83,117.63,115.43,117.05,116.38
9/9/2020 10:55,117.82,118.07,117.45,117.64,117.60,115.45,117.16,116.50
9/9/2020 11:00,117.65,118.02,117.65,117.85,117.58,115.48,117.28,116.63
9/9/2020 11:05,117.85,118.46,117.84,118.29,117.56,115.52,117.47,116.78
9/9/2020 11:10,118.30,118.47,117.50,117.52,117.53,115.55,117.48,116.85
9/9/2020 11:15,117.52,117.83,117.31,117.59,117.51,115.57,117.50,116.92
9/9/2020 11:20,117.59,117.85,116.97,117.47,117.48,115.60,117.49,116.98
9/9/2020 11:25,117.47,117.90,117.38,117.82,117.45,115.63,117.55,117.06
9/9/2020 11:30,117.83,117.94,117.69,117.84,117.43,115.67,117.60,117.13
9/9/2020 11:35,117.84,117.92,117.38,117.60,117.41,115.70,117.60,117.18
9/9/2020 11:40,117.60,117.91,117.57,117.86,117.38,115.74,117.65,117.24
9/9/2020 11:45,117.87,117.87,117.32,117.59,117.35,115.78,117.64,117.27
9/9/2020 11:50,117.59,117.85,117.51,117.76,117.33,115.82,117.66,117.32
9/9/2020 11:55,117.76,118.00,117.64,117.89,117.30,115.87,117.70,117.37
9/9/2020 12:00,117.90,118.00,117.67,117.85,117.28,115.92,117.73,117.42
9/9/2020 12:05,117.85,118.01,117.66,118.00,117.26,115.98,117.78,117.47
9/9/2020 12:10,118.00,118.10,117.71,117.92,117.24,116.04,117.80,117.52
9/9/2020 12:15,117.92,118.31,117.92,118.15,117.22,116.10,117.87,117.58
9/9/2020 12:20,118.15,118.28,117.98,118.25,117.21,116.17,117.94,117.64
9/9/2020 12:25,118.25,118.27,117.76,117.96,117.19,116.25,117.94,117.67
9/9/2020 12:30,117.96,118.12,117.87,117.98,117.17,116.32,117.95,117.70
9/9/2020 12:35,117.98,118.24,117.80,117.92,117.15,116.40,117.94,117.72
9/9/2020 12:40,117.92,118.12,117.89,118.03,117.14,116.48,117.96,117.75
9/9/2020 12:45,118.03,118.30,118.00,118.27,117.13,116.57,118.01,117.80
9/9/2020 12:50,118.27,118.43,118.16,118.32,117.11,116.66,118.07,117.85
9/9/2020 12:55,118.32,118.50,118.15,118.21,117.10,116.75,118.09,117.88
9/9/2020 13:00,118.20,118.53,118.20,118.42,117.09,116.84,118.15,117.93
9/9/2020 13:05,118.42,118.76,118.41,118.71,117.08,116.94,118.25,118.01
9/9/2020 13:10,118.70,119.12,118.66,119.09,117.07,117.04,118.41,118.11
9/9/2020 13:15,119.09,119.14,118.72,118.78,117.05,117.14,118.47,118.17
9/9/2020 13:20,118.78,118.80,118.08,118.21,117.03,117.23,118.43,118.18
9/9/2020 13:25,118.21,118.54,118.21,118.50,117.02,117.32,118.44,118.21
9/9/2020 13:30,118.50,118.63,118.26,118.30,117.02,117.42,118.41,118.22
9/9/2020 13:35,118.30,118.40,117.92,118.10,117.03,117.52,118.36,118.21
9/9/2020 13:40,118.10,118.26,117.74,118.00,117.04,117.62,118.29,118.19
9/9/2020 13:45,118.01,118.08,117.51,117.56,117.04,117.64,118.16,118.13
9/9/2020 13:50,117.56,118.01,117.56,117.93,117.05,117.69,118.12,118.11
9/9/2020 13:55,117.95,117.97,117.74,117.88,117.06,117.71,118.07,118.09
9/9/2020 14:00,117.88,117.89,117.30,117.42,117.07,117.74,117.95,118.02
9/9/2020 14:05,117.42,117.59,117.15,117.25,117.09,117.77,117.83,117.95
9/9/2020 14:10,117.25,117.65,117.10,117.37,117.11,117.79,117.74,117.89
9/9/2020 14:15,117.39,117.76,117.34,117.49,117.13,117.80,117.70,117.86
9/9/2020 14:20,117.49,117.89,117.48,117.83,117.15,117.83,117.72,117.85
9/9/2020 14:25,117.83,117.83,117.62,117.68,117.18,117.85,117.71,117.84
9/9/2020 14:30,117.68,117.80,117.35,117.52,117.21,117.88,117.68,117.81
9/9/2020 14:35,117.52,117.88,117.52,117.87,117.23,117.91,117.71,117.81
9/9/2020 14:40,117.87,118.29,117.78,118.23,117.24,117.92,117.81,117.85
9/9/2020 14:45,118.23,118.26,117.93,118.02,117.26,117.94,117.85,117.87
9/9/2020 14:50,118.02,118.08,117.75,117.83,117.28,117.94,117.84,117.86
9/9/2020 14:55,117.83,118.18,117.77,118.04,117.29,117.95,117.88,117.88
9/9/2020 15:00,118.04,118.16,117.75,117.87,117.30,117.95,117.88,117.88
9/9/2020 15:05,117.87,118.08,117.87,117.95,117.32,117.95,117.89,117.89
9/9/2020 15:10,117.95,118.03,117.82,118.01,117.34,117.96,117.91,117.90
9/9/2020 15:15,118.01,118.02,117.52,117.54,117.35,117.94,117.84,117.86
9/9/2020 15:20,117.54,118.00,117.53,117.88,117.36,117.95,117.85,117.87
9/9/2020 15:25,117.87,117.94,117.69,117.81,117.37,117.95,117.84,117.86
9/9/2020 15:30,117.81,117.95,117.78,117.80,117.38,117.96,117.84,117.85
9/9/2020 15:35,117.80,118.15,117.71,118.02,117.38,117.97,117.87,117.87
9/9/2020 15:40,118.02,118.08,117.64,117.64,117.37,117.96,117.83,117.85
9/9/2020 15:45,117.64,117.80,117.50,117.59,117.37,117.96,117.78,117.82
9/9/2020 15:50,117.58,117.58,116.80,117.38,117.37,117.95,117.71,117.78
9/9/2020 15:55,117.38,118.12,117.02,118.11,117.37,117.96,117.78,117.81
9/9/2020 16:00,118.11,118.15,117.17,117.18,117.36,117.95,117.67,117.75
9/10/2020 9:35,120.37,120.50,118.99,119.43,117.36,117.98,117.99,117.91
9/10/2020 9:40,119.43,119.46,118.69,118.81,117.36,118.00,118.14,118.00
9/10/2020 9:45,118.81,119.23,118.42,118.80,117.35,118.02,118.26,118.07
9/10/2020 9:50,118.80,119.20,118.43,118.66,117.35,118.03,118.33,118.13
9/10/2020 9:55,118.66,118.79,118.12,118.70,117.35,118.04,118.40,118.18
9/10/2020 10:00,118.70,119.03,118.63,118.96,117.35,118.06,118.50,118.26
9/10/2020 10:05,118.96,119.62,118.90,119.53,117.35,118.09,118.69,118.38
9/10/2020 10:10,119.53,119.64,118.95,119.17,117.35,118.11,118.78,118.45
9/10/2020 10:15,119.17,119.29,118.77,118.97,117.36,118.13,118.81,118.50
9/10/2020 10:20,118.97,119.27,118.87,118.93,117.36,118.15,118.83,118.54
9/10/2020 10:25,118.94,119.04,118.65,118.77,117.37,118.16,118.82,118.56
9/10/2020 10:30,118.77,118.79,118.18,118.22,117.38,118.16,118.71,118.53
9/10/2020 10:35,118.20,118.69,118.20,118.65,117.38,118.17,118.70,118.54
9/10/2020 10:40,118.65,118.67,118.18,118.35,117.39,118.17,118.64,118.52
9/10/2020 10:45,118.35,118.43,117.50,117.54,117.39,118.14,118.44,118.43
9/10/2020 10:50,117.54,117.78,116.80,116.87,117.38,118.10,118.15,118.28
9/10/2020 10:55,116.87,117.47,116.73,117.28,117.38,118.07,117.99,118.19
9/10/2020 11:00,117.28,117.33,116.03,116.15,117.37,118.03,117.66,117.99
9/10/2020 11:05,116.15,116.44,115.56,116.43,117.37,117.99,117.43,117.84
9/10/2020 11:10,116.43,116.90,116.26,116.77,117.36,117.95,117.31,117.74
9/10/2020 11:15,116.77,117.16,116.33,116.81,117.35,117.93,117.22,117.65
9/10/2020 11:20,116.81,116.95,116.17,116.76,117.34,117.90,117.14,117.57
9/10/2020 11:25,116.76,117.27,116.70,117.12,117.33,117.90,117.13,117.52
9/10/2020 11:30,117.12,117.54,117.06,117.53,117.33,117.89,117.21,117.52
9/10/2020 11:35,117.52,117.52,116.75,116.81,117.32,117.87,117.13,117.46
9/10/2020 11:40,116.81,117.44,116.81,117.38,117.31,117.87,117.18,117.45
9/10/2020 11:45,117.38,117.70,117.28,117.55,117.30,117.87,117.25,117.46
9/10/2020 11:50,117.55,117.62,117.09,117.52,117.28,117.87,117.30,117.46
9/10/2020 11:55,117.52,117.52,117.21,117.25,117.27,117.87,117.29,117.44
9/10/2020 12:00,117.25,117.25,116.62,116.89,117.25,117.85,117.22,117.39
9/10/2020 12:05,116.89,117.20,116.42,116.68,117.23,117.83,117.12,117.32
9/10/2020 12:10,116.68,117.09,116.67,116.92,117.21,117.82,117.08,117.29
9/10/2020 12:15,116.92,117.37,116.81,116.84,117.18,117.80,117.04,117.24
9/10/2020 12:20,116.84,117.11,116.45,116.82,117.16,117.77,117.00,117.20
9/10/2020 12:25,116.82,116.83,116.15,116.48,117.14,117.74,116.90,117.13
9/10/2020 12:30,116.48,116.70,116.36,116.55,117.11,117.71,116.84,117.08
9/10/2020 12:35,116.55,116.80,116.32,116.50,117.08,117.68,116.78,117.02
9/10/2020 12:40,116.50,116.54,115.84,115.91,117.05,117.64,116.62,116.92
9/10/2020 12:45,115.91,116.34,115.81,115.94,117.02,117.60,116.49,116.82
9/10/2020 12:50,115.94,116.43,115.86,116.21,116.99,117.57,116.44,116.76
9/10/2020 12:55,116.20,116.55,116.12,116.35,116.97,117.54,116.43,116.72
9/10/2020 13:00,116.35,116.62,116.35,116.45,116.94,117.51,116.43,116.70
9/10/2020 13:05,116.45,116.83,116.16,116.75,116.92,117.49,116.49,116.70
9/10/2020 13:10,116.75,116.75,116.30,116.71,116.90,117.47,116.53,116.70
9/10/2020 13:15,116.71,116.90,116.30,116.31,116.90,117.44,116.49,116.67
9/10/2020 13:20,116.31,116.75,116.31,116.70,116.91,117.42,116.53,116.67
9/10/2020 13:25,116.70,116.71,116.46,116.47,116.91,117.40,116.52,116.65
9/10/2020 13:30,116.47,116.59,115.95,116.13,116.92,117.37,116.45,116.60
9/10/2020 13:35,116.13,116.39,116.13,116.22,116.92,117.33,116.41,116.56
9/10/2020 13:40,116.22,116.34,115.79,115.84,116.91,117.31,116.30,116.50
9/10/2020 13:45,115.84,115.96,115.67,115.71,116.91,117.23,116.19,116.42
9/10/2020 13:50,115.72,116.00,115.60,115.73,116.90,117.17,116.11,116.35
9/10/2020 13:55,115.73,115.83,115.32,115.38,116.88,117.10,115.98,116.26
9/10/2020 14:00,115.37,115.65,115.20,115.27,116.87,117.03,115.85,116.17
9/10/2020 14:05,115.27,115.86,115.20,115.86,116.86,116.98,115.85,116.14
9/10/2020 14:10,115.86,115.86,115.15,115.34,116.85,116.91,115.76,116.06
9/10/2020 14:15,115.34,115.45,115.09,115.13,116.83,116.82,115.64,115.97
9/10/2020 14:20,115.13,115.20,114.73,114.75,116.82,116.73,115.48,115.86
9/10/2020 14:25,114.75,114.95,114.15,114.21,116.81,116.63,115.25,115.70
9/10/2020 14:30,114.22,114.47,113.04,113.10,116.79,116.52,114.86,115.45
9/10/2020 14:35,113.10,114.10,112.96,113.83,116.78,116.42,114.67,115.30
9/10/2020 14:40,113.83,114.30,113.57,114.23,116.76,116.34,114.59,115.20
9/10/2020 14:45,114.23,114.23,113.50,113.56,116.75,116.24,114.40,115.04
9/10/2020 14:50,113.56,114.29,113.50,114.20,116.74,116.15,114.37,114.96
9/10/2020 14:55,114.20,114.28,113.74,113.84,116.73,116.08,114.27,114.85
9/10/2020 15:00,113.84,114.36,113.63,114.20,116.71,116.03,114.26,114.79
9/10/2020 15:05,114.20,114.26,113.32,113.41,116.69,115.95,114.10,114.66
9/10/2020 15:10,113.42,113.48,112.70,112.81,116.67,115.88,113.87,114.48
9/10/2020 15:15,112.81,113.17,112.51,112.88,116.65,115.81,113.69,114.33
9/10/2020 15:20,112.88,113.14,112.50,112.69,116.63,115.73,113.51,114.17
9/10/2020 15:25,112.69,113.14,112.55,112.72,116.62,115.65,113.36,114.04
9/10/2020 15:30,112.72,113.48,112.56,113.35,116.60,115.58,113.36,113.97
9/10/2020 15:35,113.35,114.04,113.14,113.76,116.59,115.51,113.43,113.95
9/10/2020 15:40,113.76,113.87,113.15,113.69,116.58,115.44,113.48,113.92
9/10/2020 15:45,113.68,114.24,113.51,113.99,116.57,115.38,113.57,113.93
9/10/2020 15:50,113.98,114.10,113.21,113.41,116.55,115.30,113.54,113.88
9/10/2020 15:55,113.41,114.07,113.26,113.71,116.54,115.22,113.57,113.86
9/10/2020 16:00,113.71,114.05,113.24,113.48,116.53,115.14,113.56,113.83
9/11/2020 9:35,114.68,115.23,113.36,113.53,116.52,115.07,113.55,113.80
9/11/2020 9:40,113.53,114.31,113.39,113.99,116.51,115.01,113.63,113.82
9/11/2020 9:45,113.99,114.58,113.11,113.17,116.49,114.94,113.55,113.76
9/11/2020 9:50,113.17,114.28,113.05,114.23,116.48,114.89,113.67,113.80
9/11/2020 9:55,114.23,114.25,113.61,113.77,116.47,114.82,113.69,113.80
9/11/2020 10:00,113.77,113.83,112.26,112.72,116.45,114.74,113.51,113.70
9/11/2020 10:05,112.72,112.95,112.04,112.45,116.42,114.66,113.32,113.58
9/11/2020 10:10,112.45,112.80,111.50,111.76,116.40,114.57,113.04,113.40
9/11/2020 10:15,111.76,112.00,110.00,111.95,116.38,114.48,112.84,113.27
9/11/2020 10:20,111.95,112.82,111.39,112.73,116.36,114.41,112.82,113.21
9/11/2020 10:25,112.74,113.18,112.51,112.85,116.34,114.35,112.83,113.18
9/11/2020 10:30,112.85,113.09,112.36,112.70,116.32,114.28,112.80,113.13
9/11/2020 10:35,112.70,113.04,111.95,112.40,116.30,114.20,112.73,113.06
9/11/2020 10:40,112.40,112.69,111.86,112.12,116.28,114.11,112.62,112.97
9/11/2020 10:45,112.12,112.88,112.03,112.88,116.26,114.04,112.67,112.97
9/11/2020 10:50,112.88,113.47,112.82,113.41,116.25,113.97,112.80,113.01
9/11/2020 10:55,113.40,113.66,112.91,113.01,116.24,113.90,112.84,113.01
9/11/2020 11:00,113.04,113.07,112.50,112.58,116.22,113.82,112.79,112.97
9/11/2020 11:05,112.58,113.18,112.53,113.14,116.20,113.76,112.86,112.98
9/11/2020 11:10,113.13,113.73,113.07,113.71,116.19,113.71,113.01,113.05
9/11/2020 11:15,113.71,113.82,113.13,113.76,116.18,113.66,113.15,113.12
9/11/2020 11:20,113.76,113.87,113.28,113.49,116.17,113.61,113.21,113.16
9/11/2020 11:25,113.49,113.53,112.67,112.80,116.16,113.55,113.13,113.12
9/11/2020 11:30,112.80,112.84,112.24,112.43,116.15,113.49,113.01,113.06
9/11/2020 11:35,112.43,112.44,111.80,112.03,116.13,113.42,112.83,112.96
9/11/2020 11:40,112.03,112.29,111.76,112.23,116.12,113.36,112.72,112.89
9/11/2020 11:45,112.23,112.23,111.56,112.11,116.10,113.28,112.61,112.81
9/11/2020 11:50,112.11,112.22,111.92,112.03,116.09,113.22,112.50,112.74
9/11/2020 11:55,112.03,112.20,111.76,111.89,116.08,113.15,112.39,112.66
9/11/2020 12:00,111.88,112.07,111.50,111.54,116.06,113.09,112.24,112.55
9/11/2020 12:03,111.54,111.76,111.44,111.73,116.05,113.04,112.14,112.47
